pkg	version	sub	fn	kind
teneto	0.5.3		TemporalNetwork	class
teneto	0.5.3		TenetoBIDS	class
teneto	0.5.3		TenetoWorkflow	class
teneto	0.5.3	networkmeasures	bursty_coeff	function
teneto	0.5.3	networkmeasures	fluctuability	function
teneto	0.5.3	networkmeasures	intercontacttimes	function
teneto	0.5.3	networkmeasures	local_variation	function
teneto	0.5.3	networkmeasures	reachability_latency	function
teneto	0.5.3	networkmeasures	shortest_temporal_path	function
teneto	0.5.3	networkmeasures	sid	function
teneto	0.5.3	networkmeasures	temporal_betweenness_centrality	function
teneto	0.5.3	networkmeasures	temporal_closeness_centrality	function
teneto	0.5.3	networkmeasures	temporal_degree_centrality	function
teneto	0.5.3	networkmeasures	temporal_efficiency	function
teneto	0.5.3	networkmeasures	temporal_participation_coeff	function
teneto	0.5.3	networkmeasures	topological_overlap	function
teneto	0.5.3	networkmeasures	volatility	function
teneto	0.5.3	communitydetection	ProcessPoolExecutor	class
teneto	0.5.3	communitydetection	TemporalNetwork	class
teneto	0.5.3	communitydetection	as_completed	function
teneto	0.5.3	communitydetection	clean_community_indexes	function
teneto	0.5.3	communitydetection	create_supraadjacency_matrix	function
teneto	0.5.3	communitydetection	jaccard	function
teneto	0.5.3	communitydetection	make_consensus_matrix	function
teneto	0.5.3	communitydetection	make_temporal_consensus	function
teneto	0.5.3	communitydetection	process_input	function
teneto	0.5.3	communitydetection	tctc	function
teneto	0.5.3	communitydetection	temporal_louvain	function
teneto	0.5.3	communitydetection	tnet_to_nx	function
teneto	0.5.3	communitymeasures	allegiance	function
teneto	0.5.3	communitymeasures	flexibility	function
teneto	0.5.3	communitymeasures	integration	function
teneto	0.5.3	communitymeasures	persistence	function
teneto	0.5.3	communitymeasures	promiscuity	function
teneto	0.5.3	communitymeasures	recruitment	function
teneto	0.5.3	generatenetwork	rand_binomial	function
teneto	0.5.3	generatenetwork	rand_poisson	function
teneto	0.5.3	plot	circle_plot	function
teneto	0.5.3	plot	graphlet_stack_plot	function
teneto	0.5.3	plot	slice_plot	function
teneto	0.5.3	trajectory	create_traj_ranges	function
teneto	0.5.3	trajectory	rdp	function
teneto	0.5.3	timeseries	derive_temporalnetwork	function
teneto	0.5.3	timeseries	gen_report	function
teneto	0.5.3	timeseries	postpro_boxcox	function
teneto	0.5.3	timeseries	postpro_fisher	function
teneto	0.5.3	timeseries	postpro_pipeline	function
teneto	0.5.3	timeseries	postpro_standardize	function
teneto	0.5.3	timeseries	remove_confounds	function
dynetx	?		DynDiGraph	class
dynetx	?		DynGraph	class
dynetx	?		PY2	function
dynetx	?		absolute_import	function
dynetx	?		accumulate	class
dynetx	?		add_cycle	function
dynetx	?		add_path	function
dynetx	?		add_star	function
dynetx	?		all_neighbors	function
dynetx	?		compact_timeslot	function
dynetx	?		create_empty_copy	function
dynetx	?		degree	function
dynetx	?		degree_histogram	function
dynetx	?		density	function
dynetx	?		freeze	function
dynetx	?		generate_interactions	function
dynetx	?		generate_snapshots	function
dynetx	?		get_edge_attributes	function
dynetx	?		get_node_attributes	function
dynetx	?		inter_event_time_distribution	function
dynetx	?		interactions	function
dynetx	?		interactions_per_snapshots	function
dynetx	?		is_directed	function
dynetx	?		is_empty	function
dynetx	?		is_frozen	function
dynetx	?		make_str	function
dynetx	?		neighbors	function
dynetx	?		node_link_data	function
dynetx	?		node_link_graph	function
dynetx	?		nodes	function
dynetx	?		non_interactions	function
dynetx	?		non_neighbors	function
dynetx	?		not_implemented	function
dynetx	?		number_of_interactions	function
dynetx	?		number_of_nodes	function
dynetx	?		open_file	function
dynetx	?		parse_interactions	function
dynetx	?		parse_snapshots	function
dynetx	?		read_interactions	function
dynetx	?		read_snapshots	function
dynetx	?		set_edge_attributes	function
dynetx	?		set_node_attributes	function
dynetx	?		stream_interactions	function
dynetx	?		subgraph	function
dynetx	?		temporal_snapshots_ids	function
dynetx	?		time_slice	function
dynetx	?		write_interactions	function
dynetx	?		write_snapshots	function
pathpy	3.0.0a2		DirectedAcyclicGraph	class
pathpy	3.0.0a2		Edge	class
pathpy	3.0.0a2		HigherOrderNetwork	class
pathpy	3.0.0a2		HyperEdge	class
pathpy	3.0.0a2		LOG	function
pathpy	3.0.0a2		MultiOrderModel	class
pathpy	3.0.0a2		Network	class
pathpy	3.0.0a2		Node	class
pathpy	3.0.0a2		NullModel	class
pathpy	3.0.0a2		Path	class
pathpy	3.0.0a2		PathCollection	class
pathpy	3.0.0a2		TemporalNetwork	class
pathpy	3.0.0a2		config	function
pathpy	3.0.0a2		get_ipython	function
pathpy	3.0.0a2		layout	function
pathpy	3.0.0a2		logger	function
pathpy	3.0.0a2		plot	function
pathpy	3.0.0a2		tqdm	function
pathpy	3.0.0a2	algorithms	adjacency_matrix	function
pathpy	3.0.0a2	algorithms	all_longest_paths	function
pathpy	3.0.0a2	algorithms	all_shortest_paths	function
pathpy	3.0.0a2	algorithms	avg_path_length	function
pathpy	3.0.0a2	algorithms	betweenness_centrality	function
pathpy	3.0.0a2	algorithms	check_tree	function
pathpy	3.0.0a2	algorithms	closeness_centrality	function
pathpy	3.0.0a2	algorithms	degree_centrality	function
pathpy	3.0.0a2	algorithms	diameter	function
pathpy	3.0.0a2	algorithms	distance_matrix	function
pathpy	3.0.0a2	algorithms	eigenvector_centrality	function
pathpy	3.0.0a2	algorithms	find_connected_components	function
pathpy	3.0.0a2	algorithms	is_connected	function
pathpy	3.0.0a2	algorithms	largest_component_size	function
pathpy	3.0.0a2	algorithms	largest_connected_component	function
pathpy	3.0.0a2	algorithms	mean_component_size	function
pathpy	3.0.0a2	algorithms	rank_centralities	function
pathpy	3.0.0a2	algorithms	shortest_path_tree	function
pathpy	3.0.0a2	algorithms	single_source_shortest_paths	function
pathpy	3.0.0a2	algorithms	transition_matrix	function
pathpy	3.0.0a2	algorithms	tree_size	function
pathpy	3.0.0a2	statistics	Q_assortativity_coefficient	function
pathpy	3.0.0a2	statistics	Q_max_modularity	function
pathpy	3.0.0a2	statistics	Q_modularity	function
pathpy	3.0.0a2	statistics	avg_clustering_coefficient	function
pathpy	3.0.0a2	statistics	closed_triads	function
pathpy	3.0.0a2	statistics	degree_assortativity	function
pathpy	3.0.0a2	statistics	degree_central_moment	function
pathpy	3.0.0a2	statistics	degree_distribution	function
pathpy	3.0.0a2	statistics	degree_generating_function	function
pathpy	3.0.0a2	statistics	degree_raw_moment	function
pathpy	3.0.0a2	statistics	degree_sequence	function
pathpy	3.0.0a2	statistics	local_clustering_coefficient	function
pathpy	3.0.0a2	statistics	mean_degree	function
pathpy	3.0.0a2	statistics	mean_neighbor_degree	function
pathpy	3.0.0a2	processes	RandomWalk	class
raphtory	0.17.0		Edge	class
raphtory	0.17.0		Edges	class
raphtory	0.17.0		EventTime	class
raphtory	0.17.0		Graph	class
raphtory	0.17.0		GraphView	class
raphtory	0.17.0		History	class
raphtory	0.17.0		HistoryDateTime	class
raphtory	0.17.0		HistoryEventId	class
raphtory	0.17.0		HistoryTimestamp	class
raphtory	0.17.0		IndexSpec	class
raphtory	0.17.0		IndexSpecBuilder	class
raphtory	0.17.0		Intervals	class
raphtory	0.17.0		Metadata	class
raphtory	0.17.0		MetadataView	class
raphtory	0.17.0		MutableEdge	class
raphtory	0.17.0		MutableNode	class
raphtory	0.17.0		NestedEdges	class
raphtory	0.17.0		Node	class
raphtory	0.17.0		Nodes	class
raphtory	0.17.0		OptionalEventTime	class
raphtory	0.17.0		PathFromGraph	class
raphtory	0.17.0		PathFromNode	class
raphtory	0.17.0		PersistentGraph	class
raphtory	0.17.0		Prop	class
raphtory	0.17.0		PropType	class
raphtory	0.17.0		Properties	class
raphtory	0.17.0		PropertiesView	class
raphtory	0.17.0		PyPropValueList	class
raphtory	0.17.0		TemporalProperties	class
raphtory	0.17.0		TemporalProperty	class
raphtory	0.17.0		WindowSet	class
raphtory	0.17.0		version	function
raphtory	0.17.0	algorithms	Infected	class
raphtory	0.17.0	algorithms	Matching	class
raphtory	0.17.0	algorithms	all_local_reciprocity	function
raphtory	0.17.0	algorithms	alternating_mask	function
raphtory	0.17.0	algorithms	average_degree	function
raphtory	0.17.0	algorithms	balance	function
raphtory	0.17.0	algorithms	betweenness_centrality	function
raphtory	0.17.0	algorithms	cohesive_fruchterman_reingold	function
raphtory	0.17.0	algorithms	degree_centrality	function
raphtory	0.17.0	algorithms	dijkstra_single_source_shortest_paths	function
raphtory	0.17.0	algorithms	directed_graph_density	function
raphtory	0.17.0	algorithms	fast_rp	function
raphtory	0.17.0	algorithms	fruchterman_reingold	function
raphtory	0.17.0	algorithms	global_clustering_coefficient	function
raphtory	0.17.0	algorithms	global_reciprocity	function
raphtory	0.17.0	algorithms	global_temporal_three_node_motif	function
raphtory	0.17.0	algorithms	global_temporal_three_node_motif_multi	function
raphtory	0.17.0	algorithms	hits	function
raphtory	0.17.0	algorithms	in_component	function
raphtory	0.17.0	algorithms	in_components	function
raphtory	0.17.0	algorithms	k_core	function
raphtory	0.17.0	algorithms	label_propagation	function
raphtory	0.17.0	algorithms	local_clustering_coefficient	function
raphtory	0.17.0	algorithms	local_clustering_coefficient_batch	function
raphtory	0.17.0	algorithms	local_temporal_three_node_motifs	function
raphtory	0.17.0	algorithms	local_triangle_count	function
raphtory	0.17.0	algorithms	louvain	function
raphtory	0.17.0	algorithms	max_degree	function
raphtory	0.17.0	algorithms	max_in_degree	function
raphtory	0.17.0	algorithms	max_out_degree	function
raphtory	0.17.0	algorithms	max_weight_matching	function
raphtory	0.17.0	algorithms	min_degree	function
raphtory	0.17.0	algorithms	min_in_degree	function
raphtory	0.17.0	algorithms	min_out_degree	function
raphtory	0.17.0	algorithms	out_component	function
raphtory	0.17.0	algorithms	out_components	function
raphtory	0.17.0	algorithms	pagerank	function
raphtory	0.17.0	algorithms	single_source_shortest_path	function
raphtory	0.17.0	algorithms	strongly_connected_components	function
raphtory	0.17.0	algorithms	temporal_SEIR	function
raphtory	0.17.0	algorithms	temporal_bipartite_graph_projection	function
raphtory	0.17.0	algorithms	temporally_reachable_nodes	function
raphtory	0.17.0	algorithms	triplet_count	function
raphtory	0.17.0	algorithms	weakly_connected_components	function
