pkg	version	fn
networkDynamic	0.11.5	%k%
networkDynamic	0.11.5	%t%
networkDynamic	0.11.5	activate.edge.attribute
networkDynamic	0.11.5	activate.edge.value
networkDynamic	0.11.5	activate.edges
networkDynamic	0.11.5	activate.network.attribute
networkDynamic	0.11.5	activate.vertex.attribute
networkDynamic	0.11.5	activate.vertices
networkDynamic	0.11.5	add.edge.networkDynamic
networkDynamic	0.11.5	add.edges.active
networkDynamic	0.11.5	add.edges.networkDynamic
networkDynamic	0.11.5	add.vertices.active
networkDynamic	0.11.5	add.vertices.networkDynamic
networkDynamic	0.11.5	adjust.activity
networkDynamic	0.11.5	as.data.frame.networkDynamic
networkDynamic	0.11.5	as.network.networkDynamic
networkDynamic	0.11.5	as.networkDynamic
networkDynamic	0.11.5	as.networkDynamic.network
networkDynamic	0.11.5	as.networkDynamic.networkDynamic
networkDynamic	0.11.5	deactivate.edge.attribute
networkDynamic	0.11.5	deactivate.edges
networkDynamic	0.11.5	deactivate.network.attribute
networkDynamic	0.11.5	deactivate.vertex.attribute
networkDynamic	0.11.5	deactivate.vertices
networkDynamic	0.11.5	delete.edge.activity
networkDynamic	0.11.5	delete.vertex.activity
networkDynamic	0.11.5	dyads.age.at
networkDynamic	0.11.5	edge.pid.check
networkDynamic	0.11.5	edges.age.at
networkDynamic	0.11.5	get.change.times
networkDynamic	0.11.5	get.dyads.active
networkDynamic	0.11.5	get.edge.activity
networkDynamic	0.11.5	get.edge.attribute.active
networkDynamic	0.11.5	get.edge.id
networkDynamic	0.11.5	get.edge.pid
networkDynamic	0.11.5	get.edge.value.active
networkDynamic	0.11.5	get.edgeIDs.active
networkDynamic	0.11.5	get.edges.active
networkDynamic	0.11.5	get.neighborhood.active
networkDynamic	0.11.5	get.network.attribute.active
networkDynamic	0.11.5	get.networks
networkDynamic	0.11.5	get.vertex.activity
networkDynamic	0.11.5	get.vertex.attribute.active
networkDynamic	0.11.5	get.vertex.id
networkDynamic	0.11.5	get.vertex.pid
networkDynamic	0.11.5	initialize.pids
networkDynamic	0.11.5	is.active
networkDynamic	0.11.5	is.adjacent.active
networkDynamic	0.11.5	is.networkDynamic
networkDynamic	0.11.5	list.edge.attributes.active
networkDynamic	0.11.5	list.network.attributes.active
networkDynamic	0.11.5	list.vertex.attributes.active
networkDynamic	0.11.5	network.collapse
networkDynamic	0.11.5	network.dyadcount.active
networkDynamic	0.11.5	network.dynamic.check
networkDynamic	0.11.5	network.edgecount.active
networkDynamic	0.11.5	network.extract
networkDynamic	0.11.5	network.naedgecount.active
networkDynamic	0.11.5	network.size.active
networkDynamic	0.11.5	networkDynamic
networkDynamic	0.11.5	print.networkDynamic
networkDynamic	0.11.5	read.son
networkDynamic	0.11.5	reconcile.edge.activity
networkDynamic	0.11.5	reconcile.vertex.activity
networkDynamic	0.11.5	search.spell
networkDynamic	0.11.5	spells.hit
networkDynamic	0.11.5	spells.overlap
networkDynamic	0.11.5	vertex.pid.check
networkDynamic	0.11.5	vertices.age.at
networkDynamic	0.11.5	when.edge.attrs.match
networkDynamic	0.11.5	when.vertex.attrs.match
tsna	0.3.6	as.network.tPath
tsna	0.3.6	edgeDuration
tsna	0.3.6	forward.reachable
tsna	0.3.6	is.tPath
tsna	0.3.6	plot.tPath
tsna	0.3.6	plotPaths
tsna	0.3.6	pShiftCount
tsna	0.3.6	tDegree
tsna	0.3.6	tEdgeDensity
tsna	0.3.6	tEdgeDissolution
tsna	0.3.6	tEdgeFormation
tsna	0.3.6	tErgmStats
tsna	0.3.6	tiedDuration
tsna	0.3.6	timeProjectedNetwork
tsna	0.3.6	tPath
tsna	0.3.6	tReach
tsna	0.3.6	tSnaStats
tsna	0.3.6	vertexDuration
ndtv	0.13.4	compute.animation
ndtv	0.13.4	effect.edgeAgeColor
ndtv	0.13.4	effect.vertexAgeColor
ndtv	0.13.4	effectFun
ndtv	0.13.4	export.dot
ndtv	0.13.4	export.pajek.net
ndtv	0.13.4	filmstrip
ndtv	0.13.4	layout.center
ndtv	0.13.4	layout.distance
ndtv	0.13.4	layout.normalize
ndtv	0.13.4	ndtvAnimationWidget
ndtv	0.13.4	ndtvAnimationWidgetOutput
ndtv	0.13.4	network.layout.animate.Graphviz
ndtv	0.13.4	network.layout.animate.kamadakawai
ndtv	0.13.4	network.layout.animate.MDSJ
ndtv	0.13.4	network.layout.animate.useAttribute
ndtv	0.13.4	proximity.timeline
ndtv	0.13.4	render.animation
ndtv	0.13.4	render.d3movie
ndtv	0.13.4	renderNdtvAnimationWidget
ndtv	0.13.4	timeline
ndtv	0.13.4	timePrism
ndtv	0.13.4	transmissionTimeline
tnet	3.0.16	add_window_l
tnet	3.0.16	as.static.tnet
tnet	3.0.16	as.tnet
tnet	3.0.16	betweenness_w
tnet	3.0.16	closeness_w
tnet	3.0.16	clustering_local_tm
tnet	3.0.16	clustering_local_w
tnet	3.0.16	clustering_tm
tnet	3.0.16	clustering_w
tnet	3.0.16	compress_ids
tnet	3.0.16	degree_tm
tnet	3.0.16	degree_w
tnet	3.0.16	dichotomise_tm
tnet	3.0.16	dichotomise_w
tnet	3.0.16	distance_tm
tnet	3.0.16	distance_w
tnet	3.0.16	growth_l
tnet	3.0.16	projecting_tm
tnet	3.0.16	reinforcement_tm
tnet	3.0.16	rg_reshuffling_l
tnet	3.0.16	rg_reshuffling_tm
tnet	3.0.16	rg_reshuffling_w
tnet	3.0.16	rg_tm
tnet	3.0.16	rg_w
tnet	3.0.16	shrink_to_weighted_network
tnet	3.0.16	symmetrise_w
tnet	3.0.16	tnet_igraph
tnet	3.0.16	tnet_ucinet
tnet	3.0.16	weighted_richclub_local_w
tnet	3.0.16	weighted_richclub_tm
tnet	3.0.16	weighted_richclub_w
timeordered	1.0.3	applynetworkfunction
timeordered	1.0.3	contact_randomization
timeordered	1.0.3	edge_randomization
timeordered	1.0.3	generatelatencies
timeordered	1.0.3	generatenetworkslices
timeordered	1.0.3	generatetimeaggregatednetwork
timeordered	1.0.3	generatetimedeltas
timeordered	1.0.3	generatetimelags
timeordered	1.0.3	generatetonetwork
timeordered	1.0.3	generatetonetworkfromvel
timeordered	1.0.3	generatevertexedgelist
timeordered	1.0.3	maxpoints
timeordered	1.0.3	midpoints
timeordered	1.0.3	plotnetworkslices
timeordered	1.0.3	plottanet
timeordered	1.0.3	plottonet
timeordered	1.0.3	random_times
timeordered	1.0.3	randomize_edges_helper
timeordered	1.0.3	randomized_contacts
timeordered	1.0.3	randomized_edges
timeordered	1.0.3	randomizeidentities
timeordered	1.0.3	randomizetimes
timeordered	1.0.3	randomly_permuted_times
timeordered	1.0.3	rarefy
timeordered	1.0.3	shortesthoppath
timeordered	1.0.3	shortesttimepath
timeordered	1.0.3	spreadanalysis
timeordered	1.0.3	swap
timeordered	1.0.3	time_reversal
timeordered	1.0.3	total_randomization
timeordered	1.0.3	transformspreadbyindividual
timeordered	1.0.3	vertex_randomization
tergm	4.2.2	control.simulate.formula.tergm
tergm	4.2.2	control.simulate.network
tergm	4.2.2	control.simulate.stergm
tergm	4.2.2	control.simulate.tergm
tergm	4.2.2	control.stergm
tergm	4.2.2	control.tergm
tergm	4.2.2	control.tergm.godfather
tergm	4.2.2	impute.network.list
tergm	4.2.2	is.durational
tergm	4.2.2	NetSeries
tergm	4.2.2	snctrl
tergm	4.2.2	stergm
tergm	4.2.2	tergm
tergm	4.2.2	tergm_MCMC_sample
tergm	4.2.2	tergm_MCMC_slave
tergm	4.2.2	tergm.godfather
btergm	1.11.1	adjust
btergm	1.11.1	b1deg
btergm	1.11.1	b1star
btergm	1.11.1	b2deg
btergm	1.11.1	b2star
btergm	1.11.1	btergm
btergm	1.11.1	btergm.se
btergm	1.11.1	checkdegeneracy
btergm	1.11.1	coef
btergm	1.11.1	comemb
btergm	1.11.1	confint
btergm	1.11.1	createGOF
btergm	1.11.1	deg
btergm	1.11.1	dsp
btergm	1.11.1	edgebetweenness.modularity
btergm	1.11.1	edgebetweenness.pr
btergm	1.11.1	edgebetweenness.roc
btergm	1.11.1	edgeprob
btergm	1.11.1	esp
btergm	1.11.1	fastgreedy.modularity
btergm	1.11.1	fastgreedy.pr
btergm	1.11.1	fastgreedy.roc
btergm	1.11.1	geodesic
btergm	1.11.1	getformula
btergm	1.11.1	gof
btergm	1.11.1	handleMissings
btergm	1.11.1	ideg
btergm	1.11.1	interpret
btergm	1.11.1	istar
btergm	1.11.1	kcycle
btergm	1.11.1	kstar
btergm	1.11.1	louvain.modularity
btergm	1.11.1	louvain.pr
btergm	1.11.1	louvain.roc
btergm	1.11.1	marginalplot
btergm	1.11.1	maxmod.modularity
btergm	1.11.1	maxmod.pr
btergm	1.11.1	maxmod.roc
btergm	1.11.1	mtergm
btergm	1.11.1	nobs
btergm	1.11.1	nsp
btergm	1.11.1	odeg
btergm	1.11.1	ostar
btergm	1.11.1	rocpr
btergm	1.11.1	show
btergm	1.11.1	spinglass.modularity
btergm	1.11.1	spinglass.pr
btergm	1.11.1	spinglass.roc
btergm	1.11.1	summary
btergm	1.11.1	tbergm
btergm	1.11.1	tergmprepare
btergm	1.11.1	timecov
btergm	1.11.1	timesteps.btergm
btergm	1.11.1	timesteps.mtergm
btergm	1.11.1	timesteps.tbergm
btergm	1.11.1	triad.directed
btergm	1.11.1	triad.undirected
btergm	1.11.1	walktrap.modularity
btergm	1.11.1	walktrap.pr
btergm	1.11.1	walktrap.roc
RSiena	1.6.6	as_composition_file_rsiena
RSiena	1.6.6	as_composition_rsiena
RSiena	1.6.6	as_covariate_rsiena
RSiena	1.6.6	as_dependent_rsiena
RSiena	1.6.6	as_nodeset_rsiena
RSiena	1.6.6	BehaviorDistribution
RSiena	1.6.6	behaviorExtraction
RSiena	1.6.6	coCovar
RSiena	1.6.6	coDyadCovar
RSiena	1.6.6	descriptives
RSiena	1.6.6	dyadicCov
RSiena	1.6.6	effectsDocumentation
RSiena	1.6.6	egoAlterCombi
RSiena	1.6.6	egoAlterCovarComb
RSiena	1.6.6	funnelPlot
RSiena	1.6.6	getEffects
RSiena	1.6.6	includeEffects
RSiena	1.6.6	includeGMoMStatistics
RSiena	1.6.6	includeInteraction
RSiena	1.6.6	includeTimeDummy
RSiena	1.6.6	IndegreeDistribution
RSiena	1.6.6	influenceTable
RSiena	1.6.6	interpret_influence
RSiena	1.6.6	interpret_selection
RSiena	1.6.6	interpret_size
RSiena	1.6.6	interpret_size_dynamics
RSiena	1.6.6	iwlsm
RSiena	1.6.6	make_constraint
RSiena	1.6.6	make_data_rsiena
RSiena	1.6.6	make_group_rsiena
RSiena	1.6.6	make_specification
RSiena	1.6.6	meta_siena
RSiena	1.6.6	meta.table
RSiena	1.6.6	mixedTriadCensus
RSiena	1.6.6	Multipar.RSiena
RSiena	1.6.6	networkExtraction
RSiena	1.6.6	OutdegreeDistribution
RSiena	1.6.6	print.xtable.sienaFit
RSiena	1.6.6	print01Report
RSiena	1.6.6	score.Test
RSiena	1.6.6	selectionTable
RSiena	1.6.6	set_algorithm_saom
RSiena	1.6.6	set_effect
RSiena	1.6.6	set_interaction
RSiena	1.6.6	set_model_saom
RSiena	1.6.6	set_output_saom
RSiena	1.6.6	setEffect
RSiena	1.6.6	siena
RSiena	1.6.6	siena_table
RSiena	1.6.6	siena07
RSiena	1.6.6	siena08
RSiena	1.6.6	sienaAlgorithmCreate
RSiena	1.6.6	sienaCompositionChange
RSiena	1.6.6	sienaCompositionChangeFromFile
RSiena	1.6.6	sienaDataConstraint
RSiena	1.6.6	sienaDataCreate
RSiena	1.6.6	sienaDependent
RSiena	1.6.6	sienaGOF
RSiena	1.6.6	sienaGroupCreate
RSiena	1.6.6	sienaModelCreate
RSiena	1.6.6	sienaNet
RSiena	1.6.6	sienaNodeSet
RSiena	1.6.6	sienaTimeTest
RSiena	1.6.6	sparseMatrixExtraction
RSiena	1.6.6	test_gof
RSiena	1.6.6	test_parameter
RSiena	1.6.6	test_time
RSiena	1.6.6	testSame.RSiena
RSiena	1.6.6	transformScript
RSiena	1.6.6	TriadCensus
RSiena	1.6.6	update_specification
RSiena	1.6.6	update_theta
RSiena	1.6.6	updateSpecification
RSiena	1.6.6	updateTheta
RSiena	1.6.6	varCovar
RSiena	1.6.6	varDyadCovar
RSiena	1.6.6	Wald.RSiena
RSiena	1.6.6	write_report
RSiena	1.6.6	write_result
RSiena	1.6.6	xtable
RSiena	1.6.6	xtable.sienaFit
goldfish	1.6.12	defineDependentEvents
goldfish	1.6.12	defineGlobalAttribute
goldfish	1.6.12	defineGroups_interaction
goldfish	1.6.12	defineNetwork
goldfish	1.6.12	defineNodes
goldfish	1.6.12	estimate
goldfish	1.6.12	examineChangepoints
goldfish	1.6.12	examineOutliers
goldfish	1.6.12	GatherPreprocessing
goldfish	1.6.12	glance
goldfish	1.6.12	linkEvents
goldfish	1.6.12	tidy
relevent	1.2.1	accum.interact
relevent	1.2.1	accum.ps
relevent	1.2.1	accum.rrl
relevent	1.2.1	acl.adj
relevent	1.2.1	acl.adjmat
relevent	1.2.1	acl.deg
relevent	1.2.1	acl.ps
relevent	1.2.1	acl.tri
relevent	1.2.1	as.sociomatrix.eventlist
relevent	1.2.1	covarPrep
relevent	1.2.1	print.rem
relevent	1.2.1	print.rem.dyad
relevent	1.2.1	print.summary.rem
relevent	1.2.1	print.summary.rem.dyad
relevent	1.2.1	rem
relevent	1.2.1	rem.dyad
relevent	1.2.1	rem.dyad.gof
relevent	1.2.1	rem.dyad.lambda
relevent	1.2.1	rem.dyad.lprior
relevent	1.2.1	rem.dyad.n2llik
relevent	1.2.1	rem.dyad.n2llik.samp
relevent	1.2.1	rem.dyad.nlpost
relevent	1.2.1	rem.dyad.nlpost.samp
relevent	1.2.1	rem.int.dev
relevent	1.2.1	rem.int.nlp
relevent	1.2.1	rem.ord.dev
relevent	1.2.1	rem.ord.nlp
relevent	1.2.1	simulate.rem.dyad
relevent	1.2.1	summary.rem
relevent	1.2.1	summary.rem.dyad
netdiffuseR	1.25.0	%*%
netdiffuseR	1.25.0	adjmat_to_edgelist
netdiffuseR	1.25.0	adopt_changes
netdiffuseR	1.25.0	approx_geodesic
netdiffuseR	1.25.0	approx_geodist
netdiffuseR	1.25.0	as_dgCMatrix
netdiffuseR	1.25.0	as_diffnet
netdiffuseR	1.25.0	as_spmat
netdiffuseR	1.25.0	as.dgCMatrix
netdiffuseR	1.25.0	bass_dF
netdiffuseR	1.25.0	bass_f
netdiffuseR	1.25.0	bass_F
netdiffuseR	1.25.0	bootnet
netdiffuseR	1.25.0	classify
netdiffuseR	1.25.0	classify_adopters
netdiffuseR	1.25.0	classify_graph
netdiffuseR	1.25.0	collapse_timeframes
netdiffuseR	1.25.0	compare_matrix
netdiffuseR	1.25.0	cumulative_adopt_count
netdiffuseR	1.25.0	degree_adoption_diagnostic
netdiffuseR	1.25.0	dgr
netdiffuseR	1.25.0	diag_expand
netdiffuseR	1.25.0	diffmap
netdiffuseR	1.25.0	diffnet_check_attr_class
netdiffuseR	1.25.0	diffnet_to_igraph
netdiffuseR	1.25.0	diffnet_to_network
netdiffuseR	1.25.0	diffnet_to_networkDynamic
netdiffuseR	1.25.0	diffnet.attrs
netdiffuseR	1.25.0	diffnet.attrs<-
netdiffuseR	1.25.0	diffnet.toa
netdiffuseR	1.25.0	diffnet.toa<-
netdiffuseR	1.25.0	diffnetLapply
netdiffuseR	1.25.0	diffreg
netdiffuseR	1.25.0	diffusionMap
netdiffuseR	1.25.0	drawColorKey
netdiffuseR	1.25.0	drop_isolated
netdiffuseR	1.25.0	edgelist_to_adjmat
netdiffuseR	1.25.0	edgelist_to_diffnet
netdiffuseR	1.25.0	edges_coords
netdiffuseR	1.25.0	ego_variance
netdiffuseR	1.25.0	egonet_attrs
netdiffuseR	1.25.0	exposure
netdiffuseR	1.25.0	fitbass
netdiffuseR	1.25.0	graph_power
netdiffuseR	1.25.0	grid_distribution
netdiffuseR	1.25.0	hazard_rate
netdiffuseR	1.25.0	igraph_to_diffnet
netdiffuseR	1.25.0	igraph_vertex_rescale
netdiffuseR	1.25.0	infection
netdiffuseR	1.25.0	is_multiple
netdiffuseR	1.25.0	is_self
netdiffuseR	1.25.0	is_undirected
netdiffuseR	1.25.0	is_valued
netdiffuseR	1.25.0	isolated
netdiffuseR	1.25.0	leader_matching
netdiffuseR	1.25.0	matrix_compare
netdiffuseR	1.25.0	mentor_matching
netdiffuseR	1.25.0	moran
netdiffuseR	1.25.0	n_rewires
netdiffuseR	1.25.0	nedges
netdiffuseR	1.25.0	netmatch
netdiffuseR	1.25.0	netmatch_prepare
netdiffuseR	1.25.0	network_to_diffnet
netdiffuseR	1.25.0	networkDynamic_to_diffnet
netdiffuseR	1.25.0	new_diffnet
netdiffuseR	1.25.0	nlinks
netdiffuseR	1.25.0	nnodes
netdiffuseR	1.25.0	nodes
netdiffuseR	1.25.0	nslices
netdiffuseR	1.25.0	nvertices
netdiffuseR	1.25.0	permute_graph
netdiffuseR	1.25.0	plot_adopters
netdiffuseR	1.25.0	plot_diffnet
netdiffuseR	1.25.0	plot_diffnet2
netdiffuseR	1.25.0	plot_hazard
netdiffuseR	1.25.0	plot_infectsuscep
netdiffuseR	1.25.0	plot_threshold
netdiffuseR	1.25.0	pretty_within
netdiffuseR	1.25.0	rdiffnet
netdiffuseR	1.25.0	rdiffnet_multiple
netdiffuseR	1.25.0	read_ml
netdiffuseR	1.25.0	read_pajek
netdiffuseR	1.25.0	read_ucinet
netdiffuseR	1.25.0	read_ucinet_head
netdiffuseR	1.25.0	recode
netdiffuseR	1.25.0	resample_graph
netdiffuseR	1.25.0	rescale_vertex_igraph
netdiffuseR	1.25.0	rewire_graph
netdiffuseR	1.25.0	rewire_permute
netdiffuseR	1.25.0	rewire_qap
netdiffuseR	1.25.0	rgraph_ba
netdiffuseR	1.25.0	rgraph_er
netdiffuseR	1.25.0	rgraph_ws
netdiffuseR	1.25.0	ring_lattice
netdiffuseR	1.25.0	round_to_seq
netdiffuseR	1.25.0	select_egoalter
netdiffuseR	1.25.0	split_behaviors
netdiffuseR	1.25.0	struct_equiv
netdiffuseR	1.25.0	struct_test
netdiffuseR	1.25.0	struct_test_asymp
netdiffuseR	1.25.0	survey_to_diffnet
netdiffuseR	1.25.0	susceptibility
netdiffuseR	1.25.0	threshold
netdiffuseR	1.25.0	toa_diff
netdiffuseR	1.25.0	toa_mat
netdiffuseR	1.25.0	transformGraphBy
netdiffuseR	1.25.0	vertex_covariate_compare
netdiffuseR	1.25.0	vertex_covariate_dist
netdiffuseR	1.25.0	vertex_mahalanobis_dist
netdiffuseR	1.25.0	vertex_rescale_igraph
netdiffuseR	1.25.0	weighted_var
netdiffuseR	1.25.0	wvar
EpiModel	2.6.1	add_attr
EpiModel	2.6.1	add_control
EpiModel	2.6.1	add_epi
EpiModel	2.6.1	add_init
EpiModel	2.6.1	add_param
EpiModel	2.6.1	add_vertices
EpiModel	2.6.1	append_attr
EpiModel	2.6.1	append_core_attr
EpiModel	2.6.1	apportion_lr
EpiModel	2.6.1	arrivals.2g.net
EpiModel	2.6.1	arrivals.icm
EpiModel	2.6.1	arrivals.icm.bip
EpiModel	2.6.1	arrivals.net
EpiModel	2.6.1	arrive_nodes
EpiModel	2.6.1	as_cumulative_edgelist
EpiModel	2.6.1	as_tibble_edgelist
EpiModel	2.6.1	as.epi.data.frame
EpiModel	2.6.1	as.phylo.transmat
EpiModel	2.6.1	auto_update_attr
EpiModel	2.6.1	brewer_ramp
EpiModel	2.6.1	check_degdist_bal
EpiModel	2.6.1	color_tea
EpiModel	2.6.1	comp_plot
EpiModel	2.6.1	control.dcm
EpiModel	2.6.1	control.icm
EpiModel	2.6.1	control.net
EpiModel	2.6.1	copy_datattr_to_nwattr
EpiModel	2.6.1	copy_nwattr_to_datattr
EpiModel	2.6.1	create_dat_object
EpiModel	2.6.1	create_scenario_list
EpiModel	2.6.1	crosscheck.dcm
EpiModel	2.6.1	crosscheck.icm
EpiModel	2.6.1	crosscheck.net
EpiModel	2.6.1	dcm
EpiModel	2.6.1	dedup_cumulative_edgelist
EpiModel	2.6.1	delete_attr
EpiModel	2.6.1	delete_edges
EpiModel	2.6.1	delete_vertices
EpiModel	2.6.1	depart_nodes
EpiModel	2.6.1	departures.2g.net
EpiModel	2.6.1	departures.icm
EpiModel	2.6.1	departures.icm.bip
EpiModel	2.6.1	departures.net
EpiModel	2.6.1	discord_edgelist
EpiModel	2.6.1	dissolution_coefs
EpiModel	2.6.1	edgelist_censor
EpiModel	2.6.1	edges_correct
EpiModel	2.6.1	epiweb
EpiModel	2.6.1	generate_random_params
EpiModel	2.6.1	geom_bands
EpiModel	2.6.1	get_args
EpiModel	2.6.1	get_attr
EpiModel	2.6.1	get_attr_history
EpiModel	2.6.1	get_attr_list
EpiModel	2.6.1	get_attr_prop
EpiModel	2.6.1	get_backward_reachable
EpiModel	2.6.1	get_control
EpiModel	2.6.1	get_control_list
EpiModel	2.6.1	get_core_attributes
EpiModel	2.6.1	get_cumulative_degree
EpiModel	2.6.1	get_cumulative_edgelist
EpiModel	2.6.1	get_cumulative_edgelists_df
EpiModel	2.6.1	get_current_timestep
EpiModel	2.6.1	get_degree
EpiModel	2.6.1	get_discordant_edgelist
EpiModel	2.6.1	get_edgelist
EpiModel	2.6.1	get_edgelists_df
EpiModel	2.6.1	get_epi
EpiModel	2.6.1	get_epi_list
EpiModel	2.6.1	get_formula_term_attr
EpiModel	2.6.1	get_forward_reachable
EpiModel	2.6.1	get_init
EpiModel	2.6.1	get_init_list
EpiModel	2.6.1	get_network
EpiModel	2.6.1	get_network_attributes
EpiModel	2.6.1	get_network_control
EpiModel	2.6.1	get_network_term_attr
EpiModel	2.6.1	get_nwparam
EpiModel	2.6.1	get_nwstats
EpiModel	2.6.1	get_param
EpiModel	2.6.1	get_param_list
EpiModel	2.6.1	get_param_set
EpiModel	2.6.1	get_partners
EpiModel	2.6.1	get_posit_ids
EpiModel	2.6.1	get_sims
EpiModel	2.6.1	get_transmat
EpiModel	2.6.1	get_unique_ids
EpiModel	2.6.1	get_vertex_attribute
EpiModel	2.6.1	icm
EpiModel	2.6.1	idgroup
EpiModel	2.6.1	increment_timestep
EpiModel	2.6.1	infection.2g.net
EpiModel	2.6.1	infection.icm
EpiModel	2.6.1	infection.icm.bip
EpiModel	2.6.1	infection.net
EpiModel	2.6.1	init_nets
EpiModel	2.6.1	init_status.icm
EpiModel	2.6.1	init_status.net
EpiModel	2.6.1	init.dcm
EpiModel	2.6.1	init.icm
EpiModel	2.6.1	init.net
EpiModel	2.6.1	initialize.icm
EpiModel	2.6.1	initialize.net
EpiModel	2.6.1	is_active_posit_ids
EpiModel	2.6.1	is_active_unique_ids
EpiModel	2.6.1	is.transmat
EpiModel	2.6.1	make_restart_point
EpiModel	2.6.1	mcat
EpiModel	2.6.1	mod_SI_1g_cl
EpiModel	2.6.1	mod_SI_1g_op
EpiModel	2.6.1	mod_SI_2g_cl
EpiModel	2.6.1	mod_SI_2g_op
EpiModel	2.6.1	mod_SIR_1g_cl
EpiModel	2.6.1	mod_SIR_1g_op
EpiModel	2.6.1	mod_SIR_2g_cl
EpiModel	2.6.1	mod_SIR_2g_op
EpiModel	2.6.1	mod_SIS_1g_cl
EpiModel	2.6.1	mod_SIS_1g_op
EpiModel	2.6.1	mod_SIS_2g_cl
EpiModel	2.6.1	mod_SIS_2g_op
EpiModel	2.6.1	multilayer
EpiModel	2.6.1	mutate_epi
EpiModel	2.6.1	netdx
EpiModel	2.6.1	netest
EpiModel	2.6.1	netsim
EpiModel	2.6.1	network_initialize
EpiModel	2.6.1	nwupdate.net
EpiModel	2.6.1	overwrite_attrs
EpiModel	2.6.1	padded_vector
EpiModel	2.6.1	param_random
EpiModel	2.6.1	param.dcm
EpiModel	2.6.1	param.icm
EpiModel	2.6.1	param.net
EpiModel	2.6.1	param.net_from_table
EpiModel	2.6.1	param.net_to_table
EpiModel	2.6.1	prevalence.icm
EpiModel	2.6.1	prevalence.icm.bip
EpiModel	2.6.1	prevalence.net
EpiModel	2.6.1	process_out.net
EpiModel	2.6.1	record_attr_history
EpiModel	2.6.1	record_raw_object
EpiModel	2.6.1	recovery.2g.net
EpiModel	2.6.1	recovery.icm
EpiModel	2.6.1	recovery.icm.bip
EpiModel	2.6.1	recovery.net
EpiModel	2.6.1	remove_node_attr
EpiModel	2.6.1	resim_nets
EpiModel	2.6.1	saveout.dcm
EpiModel	2.6.1	saveout.icm
EpiModel	2.6.1	saveout.net
EpiModel	2.6.1	set_attr
EpiModel	2.6.1	set_control
EpiModel	2.6.1	set_current_timestep
EpiModel	2.6.1	set_epi
EpiModel	2.6.1	set_init
EpiModel	2.6.1	set_network
EpiModel	2.6.1	set_param
EpiModel	2.6.1	set_transmat
EpiModel	2.6.1	set_vertex_attribute
EpiModel	2.6.1	sim_nets_t1
EpiModel	2.6.1	simulate_dat
EpiModel	2.6.1	ssample
EpiModel	2.6.1	summary_nets
EpiModel	2.6.1	test_icm
EpiModel	2.6.1	test_net
EpiModel	2.6.1	trim_netest
EpiModel	2.6.1	truncate_sim
EpiModel	2.6.1	update_cumulative_edgelist
EpiModel	2.6.1	update_dissolution
EpiModel	2.6.1	update_params
EpiModel	2.6.1	use_scenario
EpiModel	2.6.1	verbose.dcm
EpiModel	2.6.1	verbose.icm
EpiModel	2.6.1	verbose.net
NetworkChange	1.1.0	BreakDiagnostic
NetworkChange	1.1.0	BreakPointLoss
NetworkChange	1.1.0	drawPostAnalysis
NetworkChange	1.1.0	drawRegimeRaw
NetworkChange	1.1.0	kmeansU
NetworkChange	1.1.0	MakeBlockNetworkChange
NetworkChange	1.1.0	MarginalCompare
NetworkChange	1.1.0	multiplot
NetworkChange	1.1.0	NetworkChange
NetworkChange	1.1.0	NetworkChangeRobust
NetworkChange	1.1.0	NetworkStatic
NetworkChange	1.1.0	plotContour
NetworkChange	1.1.0	plotnetarray
NetworkChange	1.1.0	plotU
NetworkChange	1.1.0	plotV
NetworkChange	1.1.0	scale_color_networkchange
NetworkChange	1.1.0	scale_color_networkchange_c
NetworkChange	1.1.0	scale_fill_networkchange
NetworkChange	1.1.0	startS
NetworkChange	1.1.0	startUV
NetworkChange	1.1.0	theme_networkchange
NetworkChange	1.1.0	ULUstateSample
NetworkChange	1.1.0	ULUstateSample.mpfr
NetworkChange	1.1.0	updateb
NetworkChange	1.1.0	updatebm
NetworkChange	1.1.0	updateP
NetworkChange	1.1.0	updateS
NetworkChange	1.1.0	updates2m
NetworkChange	1.1.0	updateU
NetworkChange	1.1.0	updateUm
NetworkChange	1.1.0	updateV
NetworkChange	1.1.0	updateVm
NetworkChange	1.1.0	WaicCompare
PAFit	1.2.11	as.PAFit_net
PAFit	1.2.11	from_igraph
PAFit	1.2.11	from_networkDynamic
PAFit	1.2.11	generate_BA
PAFit	1.2.11	generate_BB
PAFit	1.2.11	generate_ER
PAFit	1.2.11	generate_fit_only
PAFit	1.2.11	generate_net
PAFit	1.2.11	generate_simulated_data_from_estimated_model
PAFit	1.2.11	get_statistics
PAFit	1.2.11	graph_from_file
PAFit	1.2.11	graph_to_file
PAFit	1.2.11	Jeong
PAFit	1.2.11	joint_estimate
PAFit	1.2.11	Newman
PAFit	1.2.11	only_A_estimate
PAFit	1.2.11	only_F_estimate
PAFit	1.2.11	PAFit_oneshot
PAFit	1.2.11	plot_contribution
PAFit	1.2.11	test_linear_PA
PAFit	1.2.11	to_igraph
PAFit	1.2.11	to_networkDynamic
multinet	4.3.4	abacus_ml
multinet	4.3.4	actors_ml
multinet	4.3.4	add_attributes_ml
multinet	4.3.4	add_edges_ml
multinet	4.3.4	add_igraph_layer_ml
multinet	4.3.4	add_layers_ml
multinet	4.3.4	add_vertices_ml
multinet	4.3.4	attributes_ml
multinet	4.3.4	clique_percolation_ml
multinet	4.3.4	connective_redundancy_ml
multinet	4.3.4	degree_deviation_ml
multinet	4.3.4	degree_ml
multinet	4.3.4	delete_actors_ml
multinet	4.3.4	delete_edges_ml
multinet	4.3.4	delete_layers_ml
multinet	4.3.4	delete_vertices_ml
multinet	4.3.4	distance_ml
multinet	4.3.4	edges_idx_ml
multinet	4.3.4	edges_ml
multinet	4.3.4	evolution_er_ml
multinet	4.3.4	evolution_pa_ml
multinet	4.3.4	flat_ec_ml
multinet	4.3.4	flat_nw_ml
multinet	4.3.4	flatten_ml
multinet	4.3.4	generate_communities_ml
multinet	4.3.4	get_community_list_ml
multinet	4.3.4	get_values_ml
multinet	4.3.4	glouvain_ml
multinet	4.3.4	grow_ml
multinet	4.3.4	infomap_ml
multinet	4.3.4	is_directed_ml
multinet	4.3.4	layer_comparison_ml
multinet	4.3.4	layer_summary_ml
multinet	4.3.4	layers_ml
multinet	4.3.4	layout_circular_ml
multinet	4.3.4	layout_multiforce_ml
multinet	4.3.4	mdlp_ml
multinet	4.3.4	ml_aucs
multinet	4.3.4	ml_bankwiring
multinet	4.3.4	ml_empty
multinet	4.3.4	ml_florentine
multinet	4.3.4	ml_monastery
multinet	4.3.4	ml_tailorshop
multinet	4.3.4	ml_toy
multinet	4.3.4	modularity_ml
multinet	4.3.4	neighborhood_ml
multinet	4.3.4	neighbors_ml
multinet	4.3.4	nmi_ml
multinet	4.3.4	num_actors_ml
multinet	4.3.4	num_edges_ml
multinet	4.3.4	num_layers_ml
multinet	4.3.4	num_vertices_ml
multinet	4.3.4	omega_index_ml
multinet	4.3.4	project_ml
multinet	4.3.4	read_ml
multinet	4.3.4	relevance_ml
multinet	4.3.4	set_directed_ml
multinet	4.3.4	set_values_ml
multinet	4.3.4	values2graphics
multinet	4.3.4	vertices_ml
multinet	4.3.4	write_ml
multinet	4.3.4	xneighborhood_ml
multinet	4.3.4	xneighbors_ml
multinet	4.3.4	xrelevance_ml
dyads	1.2.1	b2ML
dyads	1.2.1	j2
dyads	1.2.1	p2
dyads	1.2.1	p2ML
manynet	2.2.3	.E
manynet	2.2.3	.G
manynet	2.2.3	.N
manynet	2.2.3	add_changes
manynet	2.2.3	add_info
manynet	2.2.3	add_node_attribute
manynet	2.2.3	add_nodes
manynet	2.2.3	add_tie_attribute
manynet	2.2.3	add_ties
manynet	2.2.3	apply_changes
manynet	2.2.3	arrange_changes
manynet	2.2.3	arrange_nodes
manynet	2.2.3	arrange_ties
manynet	2.2.3	as_changelist
manynet	2.2.3	as_diffnet
manynet	2.2.3	as_diffusion
manynet	2.2.3	as_edgelist
manynet	2.2.3	as_globallist
manynet	2.2.3	as_graphAM
manynet	2.2.3	as_igraph
manynet	2.2.3	as_infolist
manynet	2.2.3	as_matrix
manynet	2.2.3	as_network
manynet	2.2.3	as_nodelist
manynet	2.2.3	as_siena
manynet	2.2.3	as_stocnet
manynet	2.2.3	as_tidygraph
manynet	2.2.3	bind_changes
manynet	2.2.3	bind_node_attributes
manynet	2.2.3	bind_nodes
manynet	2.2.3	bind_ties
manynet	2.2.3	clear_glossary
manynet	2.2.3	collect_changes
manynet	2.2.3	collect_cran
manynet	2.2.3	collect_ego
manynet	2.2.3	collect_pkg
manynet	2.2.3	create_components
manynet	2.2.3	create_core
manynet	2.2.3	create_cycle
manynet	2.2.3	create_degree
manynet	2.2.3	create_empty
manynet	2.2.3	create_explicit
manynet	2.2.3	create_filled
manynet	2.2.3	create_lattice
manynet	2.2.3	create_motifs
manynet	2.2.3	create_ring
manynet	2.2.3	create_star
manynet	2.2.3	create_tree
manynet	2.2.3	create_wheel
manynet	2.2.3	create_windmill
manynet	2.2.3	delete_changes
manynet	2.2.3	delete_node_attribute
manynet	2.2.3	delete_nodes
manynet	2.2.3	delete_tie_attribute
manynet	2.2.3	delete_ties
manynet	2.2.3	describe_changes
manynet	2.2.3	describe_network
manynet	2.2.3	describe_nodes
manynet	2.2.3	describe_ties
manynet	2.2.3	expect_nodes
manynet	2.2.3	expect_ties
manynet	2.2.3	filter_changes
manynet	2.2.3	filter_nodes
manynet	2.2.3	filter_ties
manynet	2.2.3	from_egos
manynet	2.2.3	from_slices
manynet	2.2.3	from_subgraphs
manynet	2.2.3	from_ties
manynet	2.2.3	from_waves
manynet	2.2.3	gather_changes
manynet	2.2.3	generate_citations
manynet	2.2.3	generate_configuration
manynet	2.2.3	generate_fire
manynet	2.2.3	generate_islands
manynet	2.2.3	generate_man
manynet	2.2.3	generate_random
manynet	2.2.3	generate_scalefree
manynet	2.2.3	generate_smallworld
manynet	2.2.3	generate_utilities
manynet	2.2.3	gloss
manynet	2.2.3	is_acyclic
manynet	2.2.3	is_aperiodic
manynet	2.2.3	is_attributed
manynet	2.2.3	is_changing
manynet	2.2.3	is_cognitive
manynet	2.2.3	is_complex
manynet	2.2.3	is_connected
manynet	2.2.3	is_directed
manynet	2.2.3	is_dynamic
manynet	2.2.3	is_edgelist
manynet	2.2.3	is_egonet
manynet	2.2.3	is_eulerian
manynet	2.2.3	is_graph
manynet	2.2.3	is_hypergraph
manynet	2.2.3	is_labelled
manynet	2.2.3	is_list
manynet	2.2.3	is_longitudinal
manynet	2.2.3	is_manynet
manynet	2.2.3	is_multiplex
manynet	2.2.3	is_perfect_matching
manynet	2.2.3	is_signed
manynet	2.2.3	is_twomode
manynet	2.2.3	is_uniplex
manynet	2.2.3	is_weighted
manynet	2.2.3	is.tbl_graph
manynet	2.2.3	join_nodes
manynet	2.2.3	join_ties
manynet	2.2.3	layer_names
manynet	2.2.3	layer_ties
manynet	2.2.3	make_stocnet
manynet	2.2.3	mode_names
manynet	2.2.3	mode_nodes
manynet	2.2.3	mutate
manynet	2.2.3	mutate_changes
manynet	2.2.3	mutate_globals
manynet	2.2.3	mutate_info
manynet	2.2.3	mutate_net
manynet	2.2.3	mutate_nodes
manynet	2.2.3	mutate_ties
manynet	2.2.3	na_to_mean
manynet	2.2.3	na_to_zero
manynet	2.2.3	net_adhesion
manynet	2.2.3	net_assortativity
manynet	2.2.3	net_attributes
manynet	2.2.3	net_balance
manynet	2.2.3	net_betweenness
manynet	2.2.3	net_by_brokerage
manynet	2.2.3	net_by_dyad
manynet	2.2.3	net_by_hazard
manynet	2.2.3	net_by_hierarchy
manynet	2.2.3	net_by_mixed
manynet	2.2.3	net_by_quad
manynet	2.2.3	net_by_tetrad
manynet	2.2.3	net_by_triad
manynet	2.2.3	net_change
manynet	2.2.3	net_closeness
manynet	2.2.3	net_cohesion
manynet	2.2.3	net_components
manynet	2.2.3	net_congruency
manynet	2.2.3	net_connectedness
manynet	2.2.3	net_core
manynet	2.2.3	net_correlation
manynet	2.2.3	net_degree
manynet	2.2.3	net_density
manynet	2.2.3	net_diameter
manynet	2.2.3	net_dims
manynet	2.2.3	net_diversity
manynet	2.2.3	net_efficiency
manynet	2.2.3	net_eigenvector
manynet	2.2.3	net_equivalency
manynet	2.2.3	net_factions
manynet	2.2.3	net_harmonic
manynet	2.2.3	net_hazard
manynet	2.2.3	net_heterophily
manynet	2.2.3	net_homophily
manynet	2.2.3	net_immunity
manynet	2.2.3	net_indegree
manynet	2.2.3	net_independence
manynet	2.2.3	net_infection_complete
manynet	2.2.3	net_infection_peak
manynet	2.2.3	net_infection_total
manynet	2.2.3	net_info
manynet	2.2.3	net_layers
manynet	2.2.3	net_length
manynet	2.2.3	net_modes
manynet	2.2.3	net_modularity
manynet	2.2.3	net_name
manynet	2.2.3	net_node_attributes
manynet	2.2.3	net_node_missing
manynet	2.2.3	net_node_names
manynet	2.2.3	net_nodes
manynet	2.2.3	net_outdegree
manynet	2.2.3	net_reach
manynet	2.2.3	net_reciprocity
manynet	2.2.3	net_recovery
manynet	2.2.3	net_reproduction
manynet	2.2.3	net_richclub
manynet	2.2.3	net_richness
manynet	2.2.3	net_scalefree
manynet	2.2.3	net_smallworld
manynet	2.2.3	net_spatial
manynet	2.2.3	net_stability
manynet	2.2.3	net_strength
manynet	2.2.3	net_tie_attributes
manynet	2.2.3	net_tie_missing
manynet	2.2.3	net_tie_names
manynet	2.2.3	net_ties
manynet	2.2.3	net_toughness
manynet	2.2.3	net_transitivity
manynet	2.2.3	net_transmissibility
manynet	2.2.3	net_upperbound
manynet	2.2.3	net_waves
manynet	2.2.3	network_dims
manynet	2.2.3	network_dims.data.frame
manynet	2.2.3	network_dims.igraph
manynet	2.2.3	network_dims.matrix
manynet	2.2.3	network_dims.network
manynet	2.2.3	network_node_attributes
manynet	2.2.3	network_nodes
manynet	2.2.3	network_tie_attributes
manynet	2.2.3	network_ties
manynet	2.2.3	node_adoption_time
manynet	2.2.3	node_alpha
manynet	2.2.3	node_attribute
manynet	2.2.3	node_authority
manynet	2.2.3	node_automorphic_equivalence
manynet	2.2.3	node_betweenness
manynet	2.2.3	node_bridges
manynet	2.2.3	node_brokerage_census
manynet	2.2.3	node_brokering
manynet	2.2.3	node_brokering_activity
manynet	2.2.3	node_brokering_exclusivity
manynet	2.2.3	node_by_brokerage
manynet	2.2.3	node_by_dyad
manynet	2.2.3	node_by_exposure
manynet	2.2.3	node_by_path
manynet	2.2.3	node_by_quad
manynet	2.2.3	node_by_tetrad
manynet	2.2.3	node_by_tie
manynet	2.2.3	node_by_triad
manynet	2.2.3	node_closeness
manynet	2.2.3	node_components
manynet	2.2.3	node_constraint
manynet	2.2.3	node_core
manynet	2.2.3	node_coreness
manynet	2.2.3	node_deg
manynet	2.2.3	node_degree
manynet	2.2.3	node_distance
manynet	2.2.3	node_diversity
manynet	2.2.3	node_eccentricity
manynet	2.2.3	node_edge_betweenness
manynet	2.2.3	node_efficiency
manynet	2.2.3	node_effsize
manynet	2.2.3	node_eigenvector
manynet	2.2.3	node_equivalence
manynet	2.2.3	node_equivalency
manynet	2.2.3	node_exposure
manynet	2.2.3	node_fast_greedy
manynet	2.2.3	node_flow
manynet	2.2.3	node_fluid
manynet	2.2.3	node_harmonic
manynet	2.2.3	node_heterophily
manynet	2.2.3	node_hierarchy
manynet	2.2.3	node_homophily
manynet	2.2.3	node_hub
manynet	2.2.3	node_indegree
manynet	2.2.3	node_induced
manynet	2.2.3	node_infomap
manynet	2.2.3	node_information
manynet	2.2.3	node_is_mode
manynet	2.2.3	node_kcoreness
manynet	2.2.3	node_kernighanlin
manynet	2.2.3	node_labels
manynet	2.2.3	node_leading_eigen
manynet	2.2.3	node_leiden
manynet	2.2.3	node_leverage
manynet	2.2.3	node_louvain
manynet	2.2.3	node_mode
manynet	2.2.3	node_multidegree
manynet	2.2.3	node_names
manynet	2.2.3	node_neighbours_degree
manynet	2.2.3	node_optimal
manynet	2.2.3	node_outdegree
manynet	2.2.3	node_pagerank
manynet	2.2.3	node_path_census
manynet	2.2.3	node_posneg
manynet	2.2.3	node_power
manynet	2.2.3	node_quad_census
manynet	2.2.3	node_randomwalk
manynet	2.2.3	node_reach
manynet	2.2.3	node_reciprocity
manynet	2.2.3	node_recovery
manynet	2.2.3	node_redundancy
manynet	2.2.3	node_regular_equivalence
manynet	2.2.3	node_richness
manynet	2.2.3	node_roulette
manynet	2.2.3	node_spinglass
manynet	2.2.3	node_stress
manynet	2.2.3	node_strong_components
manynet	2.2.3	node_structural_equivalence
manynet	2.2.3	node_subgraph
manynet	2.2.3	node_thresholds
manynet	2.2.3	node_tie_census
manynet	2.2.3	node_transitivity
manynet	2.2.3	node_triad_census
manynet	2.2.3	node_vitality
manynet	2.2.3	node_walktrap
manynet	2.2.3	node_weak_components
manynet	2.2.3	pkg_data
manynet	2.2.3	play_diffusion
manynet	2.2.3	play_learning
manynet	2.2.3	play_segregation
manynet	2.2.3	print_all
manynet	2.2.3	print_glossary
manynet	2.2.3	read_cran
manynet	2.2.3	read_dynetml
manynet	2.2.3	read_edgelist
manynet	2.2.3	read_gdf
manynet	2.2.3	read_gml
manynet	2.2.3	read_graphml
manynet	2.2.3	read_matrix
manynet	2.2.3	read_nodelist
manynet	2.2.3	read_pajek
manynet	2.2.3	read_pkg
manynet	2.2.3	read_ucinet
manynet	2.2.3	rename_changes
manynet	2.2.3	rename_globals
manynet	2.2.3	rename_nodes
manynet	2.2.3	rename_ties
manynet	2.2.3	select_changes
manynet	2.2.3	select_globals
manynet	2.2.3	select_nodes
manynet	2.2.3	select_ties
manynet	2.2.3	seq_nodes
manynet	2.2.3	seq_ties
manynet	2.2.3	snet_abort
manynet	2.2.3	snet_info
manynet	2.2.3	snet_minor_info
manynet	2.2.3	snet_progress_along
manynet	2.2.3	snet_progress_nodes
manynet	2.2.3	snet_progress_seq
manynet	2.2.3	snet_progress_step
manynet	2.2.3	snet_prompt
manynet	2.2.3	snet_success
manynet	2.2.3	snet_unavailable
manynet	2.2.3	snet_warn
manynet	2.2.3	summarise_ties
manynet	2.2.3	table_data
manynet	2.2.3	tie_attribute
manynet	2.2.3	tie_betweenness
manynet	2.2.3	tie_closeness
manynet	2.2.3	tie_cohesion
manynet	2.2.3	tie_degree
manynet	2.2.3	tie_eigenvector
manynet	2.2.3	tie_is_twomode
manynet	2.2.3	tie_signs
manynet	2.2.3	tie_weights
manynet	2.2.3	to_acyclic
manynet	2.2.3	to_anti
manynet	2.2.3	to_blocks
manynet	2.2.3	to_component
manynet	2.2.3	to_components
manynet	2.2.3	to_correlation
manynet	2.2.3	to_cosine
manynet	2.2.3	to_directed
manynet	2.2.3	to_dominating
manynet	2.2.3	to_ego
manynet	2.2.3	to_egos
manynet	2.2.3	to_giant
manynet	2.2.3	to_hypergraph
manynet	2.2.3	to_labelled
manynet	2.2.3	to_matching
manynet	2.2.3	to_mentoring
manynet	2.2.3	to_mode1
manynet	2.2.3	to_mode2
manynet	2.2.3	to_motifs
manynet	2.2.3	to_multilevel
manynet	2.2.3	to_named
manynet	2.2.3	to_no_isolates
manynet	2.2.3	to_no_missing
manynet	2.2.3	to_onemode
manynet	2.2.3	to_permuted
manynet	2.2.3	to_reciprocated
manynet	2.2.3	to_redirected
manynet	2.2.3	to_signed
manynet	2.2.3	to_simplex
manynet	2.2.3	to_slices
manynet	2.2.3	to_subgraph
manynet	2.2.3	to_subgraphs
manynet	2.2.3	to_ties
manynet	2.2.3	to_time
manynet	2.2.3	to_tree
manynet	2.2.3	to_twomode
manynet	2.2.3	to_undirected
manynet	2.2.3	to_uniplex
manynet	2.2.3	to_unlabelled
manynet	2.2.3	to_unnamed
manynet	2.2.3	to_unsigned
manynet	2.2.3	to_unweighted
manynet	2.2.3	to_wave
manynet	2.2.3	to_waves
manynet	2.2.3	to_weighted
manynet	2.2.3	validate_stocnet
manynet	2.2.3	with_graph
manynet	2.2.3	write_dynetml
manynet	2.2.3	write_edgelist
manynet	2.2.3	write_gdf
manynet	2.2.3	write_gml
manynet	2.2.3	write_graphml
manynet	2.2.3	write_matrix
manynet	2.2.3	write_nodelist
manynet	2.2.3	write_pajek
manynet	2.2.3	write_ucinet
migraph	1.6.8	extract_tute
migraph	1.6.8	glance
migraph	1.6.8	net_regression
migraph	1.6.8	network_reg
migraph	1.6.8	over_membership
migraph	1.6.8	over_time
migraph	1.6.8	over_waves
migraph	1.6.8	play_diffusions
migraph	1.6.8	run_tute
migraph	1.6.8	test_configuration
migraph	1.6.8	test_distribution
migraph	1.6.8	test_fit
migraph	1.6.8	test_gof
migraph	1.6.8	test_permutation
migraph	1.6.8	test_random
migraph	1.6.8	tidy
cograph	2.4.5	abbrev_label
cograph	2.4.5	aggregate_layers
cograph	2.4.5	aggregate_weights
cograph	2.4.5	as_cograph
cograph	2.4.5	as_mcml
cograph	2.4.5	as_tna
cograph	2.4.5	assortativity
cograph	2.4.5	assortativity_attribute
cograph	2.4.5	centrality
cograph	2.4.5	centrality_alpha
cograph	2.4.5	centrality_authority
cograph	2.4.5	centrality_average_distance
cograph	2.4.5	centrality_barycenter
cograph	2.4.5	centrality_betweenness
cograph	2.4.5	centrality_bottleneck
cograph	2.4.5	centrality_bridging
cograph	2.4.5	centrality_brokerage_coordinator
cograph	2.4.5	centrality_brokerage_gatekeeper
cograph	2.4.5	centrality_brokerage_itinerant
cograph	2.4.5	centrality_brokerage_liaison
cograph	2.4.5	centrality_brokerage_representative
cograph	2.4.5	centrality_centroid
cograph	2.4.5	centrality_closeness
cograph	2.4.5	centrality_closeness_vitality
cograph	2.4.5	centrality_clusterrank
cograph	2.4.5	centrality_communicability
cograph	2.4.5	centrality_communicability_betweenness
cograph	2.4.5	centrality_constraint
cograph	2.4.5	centrality_coreness
cograph	2.4.5	centrality_cross_clique
cograph	2.4.5	centrality_current_flow_betweenness
cograph	2.4.5	centrality_current_flow_closeness
cograph	2.4.5	centrality_dangalchev
cograph	2.4.5	centrality_decay
cograph	2.4.5	centrality_degree
cograph	2.4.5	centrality_diffusion
cograph	2.4.5	centrality_diversity
cograph	2.4.5	centrality_dmnc
cograph	2.4.5	centrality_eccentricity
cograph	2.4.5	centrality_effective_size
cograph	2.4.5	centrality_eigenvector
cograph	2.4.5	centrality_entropy
cograph	2.4.5	centrality_expected
cograph	2.4.5	centrality_expected_influence_1
cograph	2.4.5	centrality_expected_influence_2
cograph	2.4.5	centrality_flow_betweenness
cograph	2.4.5	centrality_gateway
cograph	2.4.5	centrality_generalized_closeness
cograph	2.4.5	centrality_gilschmidt
cograph	2.4.5	centrality_harary
cograph	2.4.5	centrality_harmonic
cograph	2.4.5	centrality_hub
cograph	2.4.5	centrality_hubbell
cograph	2.4.5	centrality_incloseness
cograph	2.4.5	centrality_indegree
cograph	2.4.5	centrality_ineccentricity
cograph	2.4.5	centrality_information
cograph	2.4.5	centrality_inharmonic
cograph	2.4.5	centrality_instrength
cograph	2.4.5	centrality_integration
cograph	2.4.5	centrality_katz
cograph	2.4.5	centrality_kreach
cograph	2.4.5	centrality_lac
cograph	2.4.5	centrality_laplacian
cograph	2.4.5	centrality_leaderrank
cograph	2.4.5	centrality_leverage
cograph	2.4.5	centrality_lin
cograph	2.4.5	centrality_load
cograph	2.4.5	centrality_lobby
cograph	2.4.5	centrality_local_bridging
cograph	2.4.5	centrality_markov
cograph	2.4.5	centrality_mnc
cograph	2.4.5	centrality_outcloseness
cograph	2.4.5	centrality_outdegree
cograph	2.4.5	centrality_outeccentricity
cograph	2.4.5	centrality_outharmonic
cograph	2.4.5	centrality_outstrength
cograph	2.4.5	centrality_pagerank
cograph	2.4.5	centrality_pairwisedis
cograph	2.4.5	centrality_participation
cograph	2.4.5	centrality_percolation
cograph	2.4.5	centrality_power
cograph	2.4.5	centrality_prestige_domain
cograph	2.4.5	centrality_prestige_domain_proximity
cograph	2.4.5	centrality_radiality
cograph	2.4.5	centrality_random_walk
cograph	2.4.5	centrality_reaching_local
cograph	2.4.5	centrality_residual_closeness
cograph	2.4.5	centrality_salsa
cograph	2.4.5	centrality_semilocal
cograph	2.4.5	centrality_strength
cograph	2.4.5	centrality_stress
cograph	2.4.5	centrality_subgraph
cograph	2.4.5	centrality_topological_coefficient
cograph	2.4.5	centrality_transitivity
cograph	2.4.5	centrality_voterank
cograph	2.4.5	centrality_wiener
cograph	2.4.5	centrality_within_module_z
cograph	2.4.5	centralization
cograph	2.4.5	cluster_quality
cograph	2.4.5	cluster_significance
cograph	2.4.5	cnet
cograph	2.4.5	cograph
cograph	2.4.5	CographLayout
cograph	2.4.5	CographNetwork
cograph	2.4.5	CographTheme
cograph	2.4.5	color_communities
cograph	2.4.5	com_consensus
cograph	2.4.5	com_eb
cograph	2.4.5	com_fg
cograph	2.4.5	com_fl
cograph	2.4.5	com_im
cograph	2.4.5	com_ld
cograph	2.4.5	com_le
cograph	2.4.5	com_lp
cograph	2.4.5	com_lv
cograph	2.4.5	com_op
cograph	2.4.5	com_sg
cograph	2.4.5	com_wt
cograph	2.4.5	communities
cograph	2.4.5	community_consensus
cograph	2.4.5	community_edge_betweenness
cograph	2.4.5	community_fast_greedy
cograph	2.4.5	community_fluid
cograph	2.4.5	community_infomap
cograph	2.4.5	community_label_propagation
cograph	2.4.5	community_leading_eigenvector
cograph	2.4.5	community_leiden
cograph	2.4.5	community_louvain
cograph	2.4.5	community_optimal
cograph	2.4.5	community_sizes
cograph	2.4.5	community_spinglass
cograph	2.4.5	community_walktrap
cograph	2.4.5	compare_communities
cograph	2.4.5	core_periphery
cograph	2.4.5	cqual
cograph	2.4.5	csig
cograph	2.4.5	csum
cograph	2.4.5	degree_distribution
cograph	2.4.5	detect_communities
cograph	2.4.5	disparity_filter
cograph	2.4.5	dispersion
cograph	2.4.5	dyad_census
cograph	2.4.5	edge_betweenness
cograph	2.4.5	edge_centrality
cograph	2.4.5	edge_reciprocity
cograph	2.4.5	ego_networks
cograph	2.4.5	estrada_index
cograph	2.4.5	extract_interlayer
cograph	2.4.5	extract_layer
cograph	2.4.5	extract_motifs
cograph	2.4.5	extract_triads
cograph	2.4.5	filter_edges
cograph	2.4.5	filter_nodes
cograph	2.4.5	fit_degree_distribution
cograph	2.4.5	from_qgraph
cograph	2.4.5	from_tna
cograph	2.4.5	get_data
cograph	2.4.5	get_edge_list
cograph	2.4.5	get_edges
cograph	2.4.5	get_groups
cograph	2.4.5	get_labels
cograph	2.4.5	get_layout
cograph	2.4.5	get_meta
cograph	2.4.5	get_nodes
cograph	2.4.5	get_shape
cograph	2.4.5	get_source
cograph	2.4.5	get_theme
cograph	2.4.5	ggplot_robustness
cograph	2.4.5	group_centrality
cograph	2.4.5	homophily
cograph	2.4.5	htna
cograph	2.4.5	is_bipartite
cograph	2.4.5	is_directed
cograph	2.4.5	is_tna_network
cograph	2.4.5	k_shortest_paths
cograph	2.4.5	label_abbrev
cograph	2.4.5	lagg
cograph	2.4.5	layer_degree_correlation
cograph	2.4.5	layer_similarity
cograph	2.4.5	layer_similarity_matrix
cograph	2.4.5	layout_circle
cograph	2.4.5	layout_groups
cograph	2.4.5	layout_oval
cograph	2.4.5	layout_saqr
cograph	2.4.5	layout_spring
cograph	2.4.5	layout_target
cograph	2.4.5	ldegcor
cograph	2.4.5	list_layouts
cograph	2.4.5	list_palettes
cograph	2.4.5	list_shapes
cograph	2.4.5	list_svg_shapes
cograph	2.4.5	list_themes
cograph	2.4.5	lsim
cograph	2.4.5	lsim_matrix
cograph	2.4.5	mcml
cograph	2.4.5	membership
cograph	2.4.5	mlna
cograph	2.4.5	motif_census
cograph	2.4.5	motifs
cograph	2.4.5	mtna
cograph	2.4.5	n_communities
cograph	2.4.5	n_edges
cograph	2.4.5	n_nodes
cograph	2.4.5	neighborhood_overlap
cograph	2.4.5	network_bridges
cograph	2.4.5	network_clique_size
cograph	2.4.5	network_cut_vertices
cograph	2.4.5	network_girth
cograph	2.4.5	network_global_efficiency
cograph	2.4.5	network_local_efficiency
cograph	2.4.5	network_radius
cograph	2.4.5	network_rich_club
cograph	2.4.5	network_small_world
cograph	2.4.5	network_summary
cograph	2.4.5	network_vertex_connectivity
cograph	2.4.5	nodes
cograph	2.4.5	overlay_communities
cograph	2.4.5	palette_blues
cograph	2.4.5	palette_colorblind
cograph	2.4.5	palette_diverging
cograph	2.4.5	palette_pastel
cograph	2.4.5	palette_rainbow
cograph	2.4.5	palette_reds
cograph	2.4.5	palette_viridis
cograph	2.4.5	panel_layout
cograph	2.4.5	plot_alluvial
cograph	2.4.5	plot_bootstrap_forest
cograph	2.4.5	plot_centrality
cograph	2.4.5	plot_centrality_compare
cograph	2.4.5	plot_centrality_distribution
cograph	2.4.5	plot_centrality_heatmap
cograph	2.4.5	plot_chord
cograph	2.4.5	plot_compare
cograph	2.4.5	plot_comparison_heatmap
cograph	2.4.5	plot_degree_correlation
cograph	2.4.5	plot_difference
cograph	2.4.5	plot_edge_diff_forest
cograph	2.4.5	plot_edge_weights
cograph	2.4.5	plot_group_permutation
cograph	2.4.5	plot_heatmap
cograph	2.4.5	plot_htna
cograph	2.4.5	plot_mcml
cograph	2.4.5	plot_mixed_network
cograph	2.4.5	plot_ml_heatmap
cograph	2.4.5	plot_mlna
cograph	2.4.5	plot_motifs
cograph	2.4.5	plot_mtna
cograph	2.4.5	plot_net_bootstrap_group
cograph	2.4.5	plot_net_stability
cograph	2.4.5	plot_netobject_group
cograph	2.4.5	plot_netobject_ml
cograph	2.4.5	plot_network_evolution
cograph	2.4.5	plot_permutation
cograph	2.4.5	plot_robustness
cograph	2.4.5	plot_simplicial
cograph	2.4.5	plot_temporal
cograph	2.4.5	plot_tna
cograph	2.4.5	plot_trajectories
cograph	2.4.5	plot_transitions
cograph	2.4.5	project_bipartite
cograph	2.4.5	reaching_global
cograph	2.4.5	register_layout
cograph	2.4.5	register_shape
cograph	2.4.5	register_svg_shape
cograph	2.4.5	register_theme
cograph	2.4.5	rich_club
cograph	2.4.5	rich_club_local
cograph	2.4.5	robustness
cograph	2.4.5	robustness_auc
cograph	2.4.5	robustness_summary
cograph	2.4.5	select_bridges
cograph	2.4.5	select_component
cograph	2.4.5	select_edges
cograph	2.4.5	select_edges_between
cograph	2.4.5	select_edges_involving
cograph	2.4.5	select_neighbors
cograph	2.4.5	select_nodes
cograph	2.4.5	select_top
cograph	2.4.5	select_top_edges
cograph	2.4.5	set_edges
cograph	2.4.5	set_groups
cograph	2.4.5	set_layout
cograph	2.4.5	set_nodes
cograph	2.4.5	shortest_paths
cograph	2.4.5	simmelian_strength
cograph	2.4.5	simplify
cograph	2.4.5	sn_edges
cograph	2.4.5	sn_ggplot
cograph	2.4.5	sn_layout
cograph	2.4.5	sn_nodes
cograph	2.4.5	sn_palette
cograph	2.4.5	sn_render
cograph	2.4.5	sn_save
cograph	2.4.5	sn_save_ggplot
cograph	2.4.5	sn_theme
cograph	2.4.5	soplot
cograph	2.4.5	splot
cograph	2.4.5	splot.boot_glasso
cograph	2.4.5	splot.cograph_communities
cograph	2.4.5	splot.group_tna_permutation
cograph	2.4.5	splot.net_bootstrap
cograph	2.4.5	splot.net_mlvar
cograph	2.4.5	splot.net_permutation
cograph	2.4.5	splot.netobject
cograph	2.4.5	splot.tna_bootstrap
cograph	2.4.5	splot.tna_communities
cograph	2.4.5	splot.tna_disparity
cograph	2.4.5	splot.tna_permutation
cograph	2.4.5	splot.wtna_mixed
cograph	2.4.5	subgraphs
cograph	2.4.5	subset_edges
cograph	2.4.5	subset_nodes
cograph	2.4.5	summarize_clusters
cograph	2.4.5	summarize_network
cograph	2.4.5	supra
cograph	2.4.5	supra_adjacency
cograph	2.4.5	supra_interlayer
cograph	2.4.5	supra_layer
cograph	2.4.5	theme_cograph_classic
cograph	2.4.5	theme_cograph_colorblind
cograph	2.4.5	theme_cograph_dark
cograph	2.4.5	theme_cograph_gray
cograph	2.4.5	theme_cograph_minimal
cograph	2.4.5	theme_cograph_nature
cograph	2.4.5	theme_cograph_viridis
cograph	2.4.5	to_cograph
cograph	2.4.5	to_data_frame
cograph	2.4.5	to_df
cograph	2.4.5	to_igraph
cograph	2.4.5	to_matrix
cograph	2.4.5	to_network
cograph	2.4.5	tplot
cograph	2.4.5	triad_census
cograph	2.4.5	trophic_incoherence
cograph	2.4.5	unregister_svg_shape
cograph	2.4.5	verify_igraph
cograph	2.4.5	verify_with_igraph
cograph	2.4.5	vulnerability
cograph	2.4.5	wagg
sna	2.8	%c%.matrix
sna	2.8	add.isolates
sna	2.8	aggarray3d_R
sna	2.8	as.edgelist.sna
sna	2.8	as.sociomatrix.sna
sna	2.8	bbnam
sna	2.8	bbnam.actor
sna	2.8	bbnam.bf
sna	2.8	bbnam.fixed
sna	2.8	bbnam.jntlik
sna	2.8	bbnam.jntlik.slice
sna	2.8	bbnam.pooled
sna	2.8	bbnam.probtie
sna	2.8	betweenness
sna	2.8	betweenness_R
sna	2.8	bicomponent.dist
sna	2.8	bicomponents_R
sna	2.8	blockmodel
sna	2.8	blockmodel.expand
sna	2.8	bn
sna	2.8	bn_cftp_R
sna	2.8	bn_dyadstats_R
sna	2.8	bn_lpl_dyad_R
sna	2.8	bn_lpl_triad_R
sna	2.8	bn_mcmc_R
sna	2.8	bn_ptriad_R
sna	2.8	bn_triadstats_R
sna	2.8	bn.nlpl.dyad
sna	2.8	bn.nlpl.edge
sna	2.8	bn.nlpl.triad
sna	2.8	bn.nltl
sna	2.8	bonpow
sna	2.8	brokerage
sna	2.8	brokerage_R
sna	2.8	centralgraph
sna	2.8	centralization
sna	2.8	clique.census
sna	2.8	cliques_R
sna	2.8	closeness
sna	2.8	coef.bn
sna	2.8	coef.lnam
sna	2.8	component_dist_R
sna	2.8	component.dist
sna	2.8	component.largest
sna	2.8	component.size.byvertex
sna	2.8	components
sna	2.8	compsizes_R
sna	2.8	connectedness
sna	2.8	connectedness_R
sna	2.8	consensus
sna	2.8	cug.test
sna	2.8	cugtest
sna	2.8	cutpoints
sna	2.8	cutpointsDir_R
sna	2.8	cutpointsUndir_R
sna	2.8	cycleCensus_R
sna	2.8	degree
sna	2.8	degree_R
sna	2.8	diag.remove
sna	2.8	dyad.census
sna	2.8	dyadcode_R
sna	2.8	efficiency
sna	2.8	ego.extract
sna	2.8	equiv.clust
sna	2.8	eval.edgeperturbation
sna	2.8	evcent
sna	2.8	evcent_R
sna	2.8	event2dichot
sna	2.8	flowbet
sna	2.8	gapply
sna	2.8	gclust.boxstats
sna	2.8	gclust.centralgraph
sna	2.8	gcor
sna	2.8	gcov
sna	2.8	gden
sna	2.8	gdist.plotdiff
sna	2.8	gdist.plotstats
sna	2.8	geodist
sna	2.8	geodist_adj_R
sna	2.8	geodist_R
sna	2.8	geodist_val_R
sna	2.8	gilschmidt
sna	2.8	gilschmidt_R
sna	2.8	gliop
sna	2.8	gplot
sna	2.8	gplot_layout_fruchtermanreingold_old_R
sna	2.8	gplot_layout_fruchtermanreingold_R
sna	2.8	gplot_layout_kamadakawai_R
sna	2.8	gplot_layout_target_R
sna	2.8	gplot.arrow
sna	2.8	gplot.layout.adj
sna	2.8	gplot.layout.circle
sna	2.8	gplot.layout.circrand
sna	2.8	gplot.layout.eigen
sna	2.8	gplot.layout.fruchtermanreingold
sna	2.8	gplot.layout.geodist
sna	2.8	gplot.layout.hall
sna	2.8	gplot.layout.kamadakawai
sna	2.8	gplot.layout.mds
sna	2.8	gplot.layout.princoord
sna	2.8	gplot.layout.random
sna	2.8	gplot.layout.rmds
sna	2.8	gplot.layout.segeo
sna	2.8	gplot.layout.seham
sna	2.8	gplot.layout.spring
sna	2.8	gplot.layout.springrepulse
sna	2.8	gplot.layout.target
sna	2.8	gplot.loop
sna	2.8	gplot.target
sna	2.8	gplot.vertex
sna	2.8	gplot3d
sna	2.8	gplot3d_layout_fruchtermanreingold_R
sna	2.8	gplot3d_layout_kamadakawai_R
sna	2.8	gplot3d.arrow
sna	2.8	gplot3d.layout.adj
sna	2.8	gplot3d.layout.eigen
sna	2.8	gplot3d.layout.fruchtermanreingold
sna	2.8	gplot3d.layout.geodist
sna	2.8	gplot3d.layout.hall
sna	2.8	gplot3d.layout.kamadakawai
sna	2.8	gplot3d.layout.mds
sna	2.8	gplot3d.layout.princoord
sna	2.8	gplot3d.layout.random
sna	2.8	gplot3d.layout.rmds
sna	2.8	gplot3d.layout.segeo
sna	2.8	gplot3d.layout.seham
sna	2.8	gplot3d.loop
sna	2.8	graphcent
sna	2.8	grecip
sna	2.8	gscor
sna	2.8	gscov
sna	2.8	gt
sna	2.8	gtrans
sna	2.8	gvectorize
sna	2.8	hdist
sna	2.8	hierarchy
sna	2.8	infocent
sna	2.8	interval.graph
sna	2.8	is.connected
sna	2.8	is.edgelist.sna
sna	2.8	is.isolate
sna	2.8	isolates
sna	2.8	kcores
sna	2.8	kcores_R
sna	2.8	kcycle.census
sna	2.8	kpath.census
sna	2.8	lab.optimize
sna	2.8	lab.optimize.anneal
sna	2.8	lab.optimize.exhaustive
sna	2.8	lab.optimize.gumbel
sna	2.8	lab.optimize.hillclimb
sna	2.8	lab.optimize.mc
sna	2.8	lnam
sna	2.8	loadcent
sna	2.8	logadd_R
sna	2.8	logMean
sna	2.8	logSub
sna	2.8	logsub_R
sna	2.8	logSum
sna	2.8	lower.tri.remove
sna	2.8	lubness
sna	2.8	lubness_con_R
sna	2.8	make.stochastic
sna	2.8	maxflow
sna	2.8	maxflow_EK_R
sna	2.8	mutuality
sna	2.8	nacf
sna	2.8	neighborhood
sna	2.8	netcancor
sna	2.8	netlm
sna	2.8	netlogit
sna	2.8	npostpred
sna	2.8	nties
sna	2.8	numperm
sna	2.8	pathCensus_R
sna	2.8	plot.bbnam
sna	2.8	plot.bbnam.actor
sna	2.8	plot.bbnam.fixed
sna	2.8	plot.bbnam.pooled
sna	2.8	plot.blockmodel
sna	2.8	plot.bn
sna	2.8	plot.cug.test
sna	2.8	plot.cugtest
sna	2.8	plot.equiv.clust
sna	2.8	plot.lnam
sna	2.8	plot.qaptest
sna	2.8	plot.sociomatrix
sna	2.8	potscalered.mcmc
sna	2.8	prestige
sna	2.8	print.bayes.factor
sna	2.8	print.bbnam
sna	2.8	print.bbnam.actor
sna	2.8	print.bbnam.fixed
sna	2.8	print.bbnam.pooled
sna	2.8	print.blockmodel
sna	2.8	print.bn
sna	2.8	print.cug.test
sna	2.8	print.cugtest
sna	2.8	print.equiv.clust
sna	2.8	print.lnam
sna	2.8	print.netcancor
sna	2.8	print.netlm
sna	2.8	print.netlogit
sna	2.8	print.qaptest
sna	2.8	print.summary.bayes.factor
sna	2.8	print.summary.bbnam
sna	2.8	print.summary.bbnam.actor
sna	2.8	print.summary.bbnam.fixed
sna	2.8	print.summary.bbnam.pooled
sna	2.8	print.summary.blockmodel
sna	2.8	print.summary.bn
sna	2.8	print.summary.brokerage
sna	2.8	print.summary.cugtest
sna	2.8	print.summary.lnam
sna	2.8	print.summary.netcancor
sna	2.8	print.summary.netlm
sna	2.8	print.summary.netlogit
sna	2.8	print.summary.qaptest
sna	2.8	pstar
sna	2.8	qaptest
sna	2.8	reachability
sna	2.8	reachability_R
sna	2.8	read.dot
sna	2.8	read.nos
sna	2.8	redist
sna	2.8	rewire.ud
sna	2.8	rewire.ws
sna	2.8	rgbern_R
sna	2.8	rgbn
sna	2.8	rgnm
sna	2.8	rgnmix
sna	2.8	rgraph
sna	2.8	rguman
sna	2.8	rgws
sna	2.8	rmperm
sna	2.8	rperm
sna	2.8	sdmat
sna	2.8	se.lnam
sna	2.8	sedist
sna	2.8	simmelian
sna	2.8	sociomatrixplot
sna	2.8	sr2css
sna	2.8	stackcount
sna	2.8	stresscent
sna	2.8	stresscent_R
sna	2.8	structdist
sna	2.8	structure.statistics
sna	2.8	summary.bayes.factor
sna	2.8	summary.bbnam
sna	2.8	summary.bbnam.actor
sna	2.8	summary.bbnam.fixed
sna	2.8	summary.bbnam.pooled
sna	2.8	summary.blockmodel
sna	2.8	summary.bn
sna	2.8	summary.brokerage
sna	2.8	summary.cugtest
sna	2.8	summary.lnam
sna	2.8	summary.netcancor
sna	2.8	summary.netlm
sna	2.8	summary.netlogit
sna	2.8	summary.qaptest
sna	2.8	symmetrize
sna	2.8	transitivity_R
sna	2.8	triad_census_R
sna	2.8	triad_classify_R
sna	2.8	triad.census
sna	2.8	triad.classify
sna	2.8	udrewire_R
sna	2.8	undirComponents_R
sna	2.8	upper.tri.remove
sna	2.8	write.dl
sna	2.8	write.nos
sna	2.8	wsrewire_R
network	1.19.0	-.network
network	1.19.0	!.network
network	1.19.0	[.network
network	1.19.0	[<-.network
network	1.19.0	*.network
network	1.19.0	&.network
network	1.19.0	%c%
network	1.19.0	%c%.network
network	1.19.0	%e%
network	1.19.0	%e%<-
network	1.19.0	%eattr%
network	1.19.0	%eattr%<-
network	1.19.0	%n%
network	1.19.0	%n%<-
network	1.19.0	%nattr%
network	1.19.0	%nattr%<-
network	1.19.0	%s%
network	1.19.0	%v%
network	1.19.0	%v%<-
network	1.19.0	%vattr%
network	1.19.0	%vattr%<-
network	1.19.0	+.network
network	1.19.0	<-.network
network	1.19.0	|.network
network	1.19.0	add.edge
network	1.19.0	add.edge.network
network	1.19.0	add.edges
network	1.19.0	add.edges.network
network	1.19.0	add.vertices
network	1.19.0	add.vertices.network
network	1.19.0	as.color
network	1.19.0	as.data.frame.network
network	1.19.0	as.edgelist
network	1.19.0	as.edgelist.matrix
network	1.19.0	as.matrix.network
network	1.19.0	as.matrix.network.adjacency
network	1.19.0	as.matrix.network.edgelist
network	1.19.0	as.matrix.network.incidence
network	1.19.0	as.network
network	1.19.0	as.network.data.frame
network	1.19.0	as.network.default
network	1.19.0	as.network.matrix
network	1.19.0	as.network.network
network	1.19.0	as.sociomatrix
network	1.19.0	delete.edge.attribute
network	1.19.0	delete.edges
network	1.19.0	delete.network.attribute
network	1.19.0	delete.vertex.attribute
network	1.19.0	delete.vertices
network	1.19.0	get.dyads.eids
network	1.19.0	get.edge.attribute
network	1.19.0	get.edge.value
network	1.19.0	get.edgeIDs
network	1.19.0	get.edges
network	1.19.0	get.inducedSubgraph
network	1.19.0	get.neighborhood
network	1.19.0	get.network.attribute
network	1.19.0	get.vertex.attribute
network	1.19.0	has.edges
network	1.19.0	has.loops
network	1.19.0	is.adjacent
network	1.19.0	is.bipartite
network	1.19.0	is.color
network	1.19.0	is.directed
network	1.19.0	is.discrete
network	1.19.0	is.discrete.character
network	1.19.0	is.discrete.numeric
network	1.19.0	is.edgelist
network	1.19.0	is.hyper
network	1.19.0	is.multiplex
network	1.19.0	is.na.network
network	1.19.0	is.network
network	1.19.0	list.edge.attributes
network	1.19.0	list.network.attributes
network	1.19.0	list.vertex.attributes
network	1.19.0	mixingmatrix
network	1.19.0	network
network	1.19.0	network.adjacency
network	1.19.0	network.arrow
network	1.19.0	network.bipartite
network	1.19.0	network.copy
network	1.19.0	network.density
network	1.19.0	network.dyadcount
network	1.19.0	network.edgecount
network	1.19.0	network.edgelabel
network	1.19.0	network.edgelist
network	1.19.0	network.incidence
network	1.19.0	network.initialize
network	1.19.0	network.layout.circle
network	1.19.0	network.layout.fruchtermanreingold
network	1.19.0	network.layout.kamadakawai
network	1.19.0	network.loop
network	1.19.0	network.naedgecount
network	1.19.0	network.size
network	1.19.0	network.vertex
network	1.19.0	network.vertex.names
network	1.19.0	network.vertex.names<-
network	1.19.0	permute.vertexIDs
network	1.19.0	plot.network
network	1.19.0	plot.network.default
network	1.19.0	plotArgs.network
network	1.19.0	print.network
network	1.19.0	print.summary.network
network	1.19.0	prod.network
network	1.19.0	read.paj
network	1.19.0	set.edge.attribute
network	1.19.0	set.edge.value
network	1.19.0	set.network.attribute
network	1.19.0	set.vertex.attribute
network	1.19.0	sum.network
network	1.19.0	summary.network
network	1.19.0	valid.eids
network	1.19.0	which.matrix.type
igraph	2.3.3	.data
igraph	2.3.3	.env
igraph	2.3.3	.from
igraph	2.3.3	.inc
igraph	2.3.3	.innei
igraph	2.3.3	.nei
igraph	2.3.3	.outnei
igraph	2.3.3	.to
igraph	2.3.3	%--%
igraph	2.3.3	%->%
igraph	2.3.3	%<-%
igraph	2.3.3	%>%
igraph	2.3.3	%c%
igraph	2.3.3	%du%
igraph	2.3.3	%m%
igraph	2.3.3	%s%
igraph	2.3.3	%u%
igraph	2.3.3	add_edges
igraph	2.3.3	add_layout_
igraph	2.3.3	add_shape
igraph	2.3.3	add_vertices
igraph	2.3.3	add.edges
igraph	2.3.3	add.vertex.shape
igraph	2.3.3	add.vertices
igraph	2.3.3	adhesion
igraph	2.3.3	adjacent_vertices
igraph	2.3.3	adjacent.triangles
igraph	2.3.3	aging.ba.game
igraph	2.3.3	aging.barabasi.game
igraph	2.3.3	aging.prefatt.game
igraph	2.3.3	algorithm
igraph	2.3.3	align_layout
igraph	2.3.3	all_shortest_paths
igraph	2.3.3	all_simple_paths
igraph	2.3.3	alpha_centrality
igraph	2.3.3	alpha.centrality
igraph	2.3.3	any_loop
igraph	2.3.3	any_multiple
igraph	2.3.3	are_adjacent
igraph	2.3.3	are.connected
igraph	2.3.3	arpack
igraph	2.3.3	arpack_defaults
igraph	2.3.3	articulation_points
igraph	2.3.3	articulation.points
igraph	2.3.3	as_adj
igraph	2.3.3	as_adj_edge_list
igraph	2.3.3	as_adj_list
igraph	2.3.3	as_adjacency_matrix
igraph	2.3.3	as_biadjacency_matrix
igraph	2.3.3	as_bipartite
igraph	2.3.3	as_data_frame
igraph	2.3.3	as_directed
igraph	2.3.3	as_edgelist
igraph	2.3.3	as_graphnel
igraph	2.3.3	as_ids
igraph	2.3.3	as_incidence_matrix
igraph	2.3.3	as_long_data_frame
igraph	2.3.3	as_membership
igraph	2.3.3	as_phylo
igraph	2.3.3	as_star
igraph	2.3.3	as_tree
igraph	2.3.3	as_undirected
igraph	2.3.3	as.directed
igraph	2.3.3	as.igraph
igraph	2.3.3	as.undirected
igraph	2.3.3	assortativity
igraph	2.3.3	assortativity_degree
igraph	2.3.3	assortativity_nominal
igraph	2.3.3	assortativity.degree
igraph	2.3.3	assortativity.nominal
igraph	2.3.3	asym_pref
igraph	2.3.3	asymmetric.preference.game
igraph	2.3.3	atlas
igraph	2.3.3	authority_score
igraph	2.3.3	authority.score
igraph	2.3.3	autocurve.edges
igraph	2.3.3	automorphism_group
igraph	2.3.3	automorphisms
igraph	2.3.3	average_local_efficiency
igraph	2.3.3	average.path.length
igraph	2.3.3	ba.game
igraph	2.3.3	barabasi.game
igraph	2.3.3	betweenness
igraph	2.3.3	betweenness.estimate
igraph	2.3.3	bfs
igraph	2.3.3	bibcoupling
igraph	2.3.3	biconnected_components
igraph	2.3.3	biconnected.components
igraph	2.3.3	bipartite
igraph	2.3.3	bipartite_gnm
igraph	2.3.3	bipartite_gnp
igraph	2.3.3	bipartite_graph
igraph	2.3.3	bipartite_mapping
igraph	2.3.3	bipartite_projection
igraph	2.3.3	bipartite_projection_size
igraph	2.3.3	bipartite.mapping
igraph	2.3.3	bipartite.projection
igraph	2.3.3	bipartite.projection.size
igraph	2.3.3	bipartite.random.game
igraph	2.3.3	blockGraphs
igraph	2.3.3	blocks
igraph	2.3.3	bonpow
igraph	2.3.3	bridges
igraph	2.3.3	callaway.traits.game
igraph	2.3.3	canonical_permutation
igraph	2.3.3	canonical.permutation
igraph	2.3.3	categorical_pal
igraph	2.3.3	centr_betw
igraph	2.3.3	centr_betw_tmax
igraph	2.3.3	centr_clo
igraph	2.3.3	centr_clo_tmax
igraph	2.3.3	centr_degree
igraph	2.3.3	centr_degree_tmax
igraph	2.3.3	centr_eigen
igraph	2.3.3	centr_eigen_tmax
igraph	2.3.3	centralization.betweenness
igraph	2.3.3	centralization.betweenness.tmax
igraph	2.3.3	centralization.closeness
igraph	2.3.3	centralization.closeness.tmax
igraph	2.3.3	centralization.degree
igraph	2.3.3	centralization.degree.tmax
igraph	2.3.3	centralization.evcent
igraph	2.3.3	centralization.evcent.tmax
igraph	2.3.3	centralize
igraph	2.3.3	centralize.scores
igraph	2.3.3	chordal_ring
igraph	2.3.3	chung_lu
igraph	2.3.3	circulant
igraph	2.3.3	cit_cit_types
igraph	2.3.3	cit_types
igraph	2.3.3	cited.type.game
igraph	2.3.3	citing.cited.type.game
igraph	2.3.3	clique_num
igraph	2.3.3	clique_size_counts
igraph	2.3.3	clique.number
igraph	2.3.3	cliques
igraph	2.3.3	closeness
igraph	2.3.3	closeness.estimate
igraph	2.3.3	cluster_edge_betweenness
igraph	2.3.3	cluster_fast_greedy
igraph	2.3.3	cluster_fluid_communities
igraph	2.3.3	cluster_infomap
igraph	2.3.3	cluster_label_prop
igraph	2.3.3	cluster_leading_eigen
igraph	2.3.3	cluster_leiden
igraph	2.3.3	cluster_louvain
igraph	2.3.3	cluster_optimal
igraph	2.3.3	cluster_spinglass
igraph	2.3.3	cluster_walktrap
igraph	2.3.3	cluster.distribution
igraph	2.3.3	clusters
igraph	2.3.3	cocitation
igraph	2.3.3	code_len
igraph	2.3.3	code.length
igraph	2.3.3	cohesion
igraph	2.3.3	cohesive_blocks
igraph	2.3.3	cohesive.blocks
igraph	2.3.3	communities
igraph	2.3.3	compare
igraph	2.3.3	complementer
igraph	2.3.3	component_distribution
igraph	2.3.3	component_wise
igraph	2.3.3	components
igraph	2.3.3	compose
igraph	2.3.3	connect
igraph	2.3.3	connect.neighborhood
igraph	2.3.3	consensus_tree
igraph	2.3.3	console
igraph	2.3.3	constraint
igraph	2.3.3	contract
igraph	2.3.3	contract.vertices
igraph	2.3.3	convex_hull
igraph	2.3.3	convex.hull
igraph	2.3.3	coreness
igraph	2.3.3	count_automorphisms
igraph	2.3.3	count_components
igraph	2.3.3	count_isomorphisms
igraph	2.3.3	count_loops
igraph	2.3.3	count_max_cliques
igraph	2.3.3	count_motifs
igraph	2.3.3	count_multiple
igraph	2.3.3	count_reachable
igraph	2.3.3	count_subgraph_isomorphisms
igraph	2.3.3	count_triangles
igraph	2.3.3	count.multiple
igraph	2.3.3	create.communities
igraph	2.3.3	crossing
igraph	2.3.3	curve_multiple
igraph	2.3.3	cut_at
igraph	2.3.3	cutat
igraph	2.3.3	de_bruijn_graph
igraph	2.3.3	decompose
igraph	2.3.3	decompose.graph
igraph	2.3.3	degree
igraph	2.3.3	degree_distribution
igraph	2.3.3	degree.distribution
igraph	2.3.3	degree.sequence.game
igraph	2.3.3	degseq
igraph	2.3.3	delete_edge_attr
igraph	2.3.3	delete_edges
igraph	2.3.3	delete_graph_attr
igraph	2.3.3	delete_vertex_attr
igraph	2.3.3	delete_vertices
igraph	2.3.3	delete.edges
igraph	2.3.3	delete.vertices
igraph	2.3.3	dendPlot
igraph	2.3.3	dfs
igraph	2.3.3	diameter
igraph	2.3.3	difference
igraph	2.3.3	dim_select
igraph	2.3.3	directed_graph
igraph	2.3.3	disjoint_union
igraph	2.3.3	distance_table
igraph	2.3.3	distances
igraph	2.3.3	diverging_pal
igraph	2.3.3	diversity
igraph	2.3.3	dominator_tree
igraph	2.3.3	dominator.tree
igraph	2.3.3	dot_product
igraph	2.3.3	drl_defaults
igraph	2.3.3	dyad_census
igraph	2.3.3	dyad.census
igraph	2.3.3	E
igraph	2.3.3	E<-
igraph	2.3.3	each_edge
igraph	2.3.3	eccentricity
igraph	2.3.3	ecount
igraph	2.3.3	edge
igraph	2.3.3	edge_attr
igraph	2.3.3	edge_attr_names
igraph	2.3.3	edge_attr<-
igraph	2.3.3	edge_betweenness
igraph	2.3.3	edge_connectivity
igraph	2.3.3	edge_density
igraph	2.3.3	edge_disjoint_paths
igraph	2.3.3	edge.attributes
igraph	2.3.3	edge.attributes<-
igraph	2.3.3	edge.betweenness
igraph	2.3.3	edge.betweenness.community
igraph	2.3.3	edge.betweenness.estimate
igraph	2.3.3	edge.connectivity
igraph	2.3.3	edge.disjoint.paths
igraph	2.3.3	edges
igraph	2.3.3	ego
igraph	2.3.3	ego_size
igraph	2.3.3	eigen_centrality
igraph	2.3.3	embed_adjacency_matrix
igraph	2.3.3	embed_laplacian_matrix
igraph	2.3.3	empty_graph
igraph	2.3.3	ends
igraph	2.3.3	erdos.renyi.game
igraph	2.3.3	establishment.game
igraph	2.3.3	estimate_betweenness
igraph	2.3.3	estimate_closeness
igraph	2.3.3	estimate_edge_betweenness
igraph	2.3.3	eulerian_cycle
igraph	2.3.3	eulerian_path
igraph	2.3.3	evcent
igraph	2.3.3	export_pajek
igraph	2.3.3	exportPajek
igraph	2.3.3	farthest_vertices
igraph	2.3.3	farthest.nodes
igraph	2.3.3	fastgreedy.community
igraph	2.3.3	feedback_arc_set
igraph	2.3.3	feedback_vertex_set
igraph	2.3.3	find_cycle
igraph	2.3.3	fit_hrg
igraph	2.3.3	fit_power_law
igraph	2.3.3	forest.fire.game
igraph	2.3.3	from_adjacency
igraph	2.3.3	from_data_frame
igraph	2.3.3	from_edgelist
igraph	2.3.3	from_incidence_matrix
igraph	2.3.3	from_literal
igraph	2.3.3	from_prufer
igraph	2.3.3	full_bipartite_graph
igraph	2.3.3	full_citation_graph
igraph	2.3.3	full_graph
igraph	2.3.3	full_multipartite
igraph	2.3.3	get_diameter
igraph	2.3.3	get_edge_ids
igraph	2.3.3	get.adjacency
igraph	2.3.3	get.adjedgelist
igraph	2.3.3	get.adjlist
igraph	2.3.3	get.all.shortest.paths
igraph	2.3.3	get.data.frame
igraph	2.3.3	get.diameter
igraph	2.3.3	get.edge
igraph	2.3.3	get.edge.attribute
igraph	2.3.3	get.edge.ids
igraph	2.3.3	get.edgelist
igraph	2.3.3	get.edges
igraph	2.3.3	get.graph.attribute
igraph	2.3.3	get.incidence
igraph	2.3.3	get.shortest.paths
igraph	2.3.3	get.stochastic
igraph	2.3.3	get.vertex.attribute
igraph	2.3.3	getIgraphOpt
igraph	2.3.3	girth
igraph	2.3.3	global_efficiency
igraph	2.3.3	gnm
igraph	2.3.3	gnp
igraph	2.3.3	gorder
igraph	2.3.3	graph
igraph	2.3.3	graph_
igraph	2.3.3	graph_attr
igraph	2.3.3	graph_attr_names
igraph	2.3.3	graph_attr<-
igraph	2.3.3	graph_center
igraph	2.3.3	graph_from_adj_list
igraph	2.3.3	graph_from_adjacency_matrix
igraph	2.3.3	graph_from_atlas
igraph	2.3.3	graph_from_biadjacency_matrix
igraph	2.3.3	graph_from_data_frame
igraph	2.3.3	graph_from_edgelist
igraph	2.3.3	graph_from_graphdb
igraph	2.3.3	graph_from_graphnel
igraph	2.3.3	graph_from_incidence_matrix
igraph	2.3.3	graph_from_isomorphism_class
igraph	2.3.3	graph_from_lcf
igraph	2.3.3	graph_from_literal
igraph	2.3.3	graph_id
igraph	2.3.3	graph_version
igraph	2.3.3	graph.adhesion
igraph	2.3.3	graph.adjacency
igraph	2.3.3	graph.adjlist
igraph	2.3.3	graph.atlas
igraph	2.3.3	graph.attributes
igraph	2.3.3	graph.attributes<-
igraph	2.3.3	graph.automorphisms
igraph	2.3.3	graph.bfs
igraph	2.3.3	graph.bipartite
igraph	2.3.3	graph.cohesion
igraph	2.3.3	graph.complementer
igraph	2.3.3	graph.compose
igraph	2.3.3	graph.coreness
igraph	2.3.3	graph.count.isomorphisms.vf2
igraph	2.3.3	graph.count.subisomorphisms.vf2
igraph	2.3.3	graph.data.frame
igraph	2.3.3	graph.de.bruijn
igraph	2.3.3	graph.density
igraph	2.3.3	graph.dfs
igraph	2.3.3	graph.difference
igraph	2.3.3	graph.disjoint.union
igraph	2.3.3	graph.diversity
igraph	2.3.3	graph.edgelist
igraph	2.3.3	graph.eigen
igraph	2.3.3	graph.empty
igraph	2.3.3	graph.extended.chordal.ring
igraph	2.3.3	graph.famous
igraph	2.3.3	graph.formula
igraph	2.3.3	graph.full
igraph	2.3.3	graph.full.bipartite
igraph	2.3.3	graph.full.citation
igraph	2.3.3	graph.get.isomorphisms.vf2
igraph	2.3.3	graph.get.subisomorphisms.vf2
igraph	2.3.3	graph.graphdb
igraph	2.3.3	graph.incidence
igraph	2.3.3	graph.intersection
igraph	2.3.3	graph.isoclass
igraph	2.3.3	graph.isoclass.subgraph
igraph	2.3.3	graph.isocreate
igraph	2.3.3	graph.isomorphic
igraph	2.3.3	graph.isomorphic.bliss
igraph	2.3.3	graph.isomorphic.vf2
igraph	2.3.3	graph.kautz
igraph	2.3.3	graph.knn
igraph	2.3.3	graph.laplacian
igraph	2.3.3	graph.lattice
igraph	2.3.3	graph.lcf
igraph	2.3.3	graph.maxflow
igraph	2.3.3	graph.mincut
igraph	2.3.3	graph.motifs
igraph	2.3.3	graph.motifs.est
igraph	2.3.3	graph.motifs.no
igraph	2.3.3	graph.neighborhood
igraph	2.3.3	graph.ring
igraph	2.3.3	graph.star
igraph	2.3.3	graph.strength
igraph	2.3.3	graph.subisomorphic.lad
igraph	2.3.3	graph.subisomorphic.vf2
igraph	2.3.3	graph.tree
igraph	2.3.3	graph.union
igraph	2.3.3	graphlet_basis
igraph	2.3.3	graphlet_proj
igraph	2.3.3	graphlets
igraph	2.3.3	graphlets.candidate.basis
igraph	2.3.3	graphlets.project
igraph	2.3.3	graphs_from_cohesive_blocks
igraph	2.3.3	greedy_vertex_coloring
igraph	2.3.3	grg
igraph	2.3.3	grg.game
igraph	2.3.3	groups
igraph	2.3.3	growing
igraph	2.3.3	growing.random.game
igraph	2.3.3	gsize
igraph	2.3.3	harmonic_centrality
igraph	2.3.3	has_eulerian_cycle
igraph	2.3.3	has_eulerian_path
igraph	2.3.3	has.multiple
igraph	2.3.3	head_of
igraph	2.3.3	head_print
igraph	2.3.3	hierarchical_sbm
igraph	2.3.3	hierarchy
igraph	2.3.3	hits_scores
igraph	2.3.3	hrg
igraph	2.3.3	hrg_tree
igraph	2.3.3	hrg.consensus
igraph	2.3.3	hrg.create
igraph	2.3.3	hrg.dendrogram
igraph	2.3.3	hrg.fit
igraph	2.3.3	hrg.game
igraph	2.3.3	hrg.predict
igraph	2.3.3	hub_score
igraph	2.3.3	hub.score
igraph	2.3.3	identical_graphs
igraph	2.3.3	igraph_opt
igraph	2.3.3	igraph_options
igraph	2.3.3	igraph_version
igraph	2.3.3	igraph.console
igraph	2.3.3	igraph.drl.coarsen
igraph	2.3.3	igraph.drl.coarsest
igraph	2.3.3	igraph.drl.default
igraph	2.3.3	igraph.drl.final
igraph	2.3.3	igraph.drl.refine
igraph	2.3.3	igraph.from.graphNEL
igraph	2.3.3	igraph.options
igraph	2.3.3	igraph.sample
igraph	2.3.3	igraph.shape.noclip
igraph	2.3.3	igraph.shape.noplot
igraph	2.3.3	igraph.to.graphNEL
igraph	2.3.3	igraph.version
igraph	2.3.3	in_circle
igraph	2.3.3	incident
igraph	2.3.3	incident_edges
igraph	2.3.3	indent_print
igraph	2.3.3	independence_number
igraph	2.3.3	independence.number
igraph	2.3.3	independent.vertex.sets
igraph	2.3.3	induced_subgraph
igraph	2.3.3	induced.subgraph
igraph	2.3.3	infomap.community
igraph	2.3.3	interconnected.islands.game
igraph	2.3.3	intersection
igraph	2.3.3	invalidate_cache
igraph	2.3.3	is_acyclic
igraph	2.3.3	is_biconnected
igraph	2.3.3	is_bipartite
igraph	2.3.3	is_chordal
igraph	2.3.3	is_clique
igraph	2.3.3	is_complete
igraph	2.3.3	is_connected
igraph	2.3.3	is_dag
igraph	2.3.3	is_degseq
igraph	2.3.3	is_directed
igraph	2.3.3	is_forest
igraph	2.3.3	is_graphical
igraph	2.3.3	is_hierarchical
igraph	2.3.3	is_igraph
igraph	2.3.3	is_isomorphic_to
igraph	2.3.3	is_ivs
igraph	2.3.3	is_matching
igraph	2.3.3	is_max_matching
igraph	2.3.3	is_min_separator
igraph	2.3.3	is_named
igraph	2.3.3	is_printer_callback
igraph	2.3.3	is_separator
igraph	2.3.3	is_simple
igraph	2.3.3	is_subgraph_isomorphic_to
igraph	2.3.3	is_tree
igraph	2.3.3	is_weighted
igraph	2.3.3	is.bipartite
igraph	2.3.3	is.chordal
igraph	2.3.3	is.connected
igraph	2.3.3	is.dag
igraph	2.3.3	is.degree.sequence
igraph	2.3.3	is.directed
igraph	2.3.3	is.graphical.degree.sequence
igraph	2.3.3	is.hierarchical
igraph	2.3.3	is.igraph
igraph	2.3.3	is.loop
igraph	2.3.3	is.matching
igraph	2.3.3	is.maximal.matching
igraph	2.3.3	is.minimal.separator
igraph	2.3.3	is.multiple
igraph	2.3.3	is.mutual
igraph	2.3.3	is.named
igraph	2.3.3	is.separator
igraph	2.3.3	is.simple
igraph	2.3.3	is.weighted
igraph	2.3.3	isomorphic
igraph	2.3.3	isomorphism_class
igraph	2.3.3	isomorphisms
igraph	2.3.3	ivs
igraph	2.3.3	ivs_size
igraph	2.3.3	k_shortest_paths
igraph	2.3.3	k.regular.game
igraph	2.3.3	kautz_graph
igraph	2.3.3	keeping_degseq
igraph	2.3.3	knn
igraph	2.3.3	label.propagation.community
igraph	2.3.3	laplacian_matrix
igraph	2.3.3	largest_cliques
igraph	2.3.3	largest_component
igraph	2.3.3	largest_ivs
igraph	2.3.3	largest_weighted_cliques
igraph	2.3.3	largest.cliques
igraph	2.3.3	largest.independent.vertex.sets
igraph	2.3.3	last_cit
igraph	2.3.3	lastcit.game
igraph	2.3.3	lattice
igraph	2.3.3	layout_
igraph	2.3.3	layout_as_bipartite
igraph	2.3.3	layout_as_star
igraph	2.3.3	layout_as_tree
igraph	2.3.3	layout_components
igraph	2.3.3	layout_in_circle
igraph	2.3.3	layout_modifier
igraph	2.3.3	layout_nicely
igraph	2.3.3	layout_on_grid
igraph	2.3.3	layout_on_sphere
igraph	2.3.3	layout_randomly
igraph	2.3.3	layout_with_dh
igraph	2.3.3	layout_with_drl
igraph	2.3.3	layout_with_fr
igraph	2.3.3	layout_with_gem
igraph	2.3.3	layout_with_graphopt
igraph	2.3.3	layout_with_kk
igraph	2.3.3	layout_with_lgl
igraph	2.3.3	layout_with_mds
igraph	2.3.3	layout_with_sugiyama
igraph	2.3.3	layout.auto
igraph	2.3.3	layout.bipartite
igraph	2.3.3	layout.circle
igraph	2.3.3	layout.davidson.harel
igraph	2.3.3	layout.drl
igraph	2.3.3	layout.fruchterman.reingold
igraph	2.3.3	layout.fruchterman.reingold.grid
igraph	2.3.3	layout.gem
igraph	2.3.3	layout.graphopt
igraph	2.3.3	layout.grid
igraph	2.3.3	layout.grid.3d
igraph	2.3.3	layout.kamada.kawai
igraph	2.3.3	layout.lgl
igraph	2.3.3	layout.mds
igraph	2.3.3	layout.merge
igraph	2.3.3	layout.norm
igraph	2.3.3	layout.random
igraph	2.3.3	layout.reingold.tilford
igraph	2.3.3	layout.sphere
igraph	2.3.3	layout.spring
igraph	2.3.3	layout.star
igraph	2.3.3	layout.sugiyama
igraph	2.3.3	layout.svd
igraph	2.3.3	leading.eigenvector.community
igraph	2.3.3	line_graph
igraph	2.3.3	line.graph
igraph	2.3.3	list.edge.attributes
igraph	2.3.3	list.graph.attributes
igraph	2.3.3	list.vertex.attributes
igraph	2.3.3	local_efficiency
igraph	2.3.3	local_scan
igraph	2.3.3	make_
igraph	2.3.3	make_bipartite_graph
igraph	2.3.3	make_chordal_ring
igraph	2.3.3	make_circulant
igraph	2.3.3	make_clusters
igraph	2.3.3	make_de_bruijn_graph
igraph	2.3.3	make_directed_graph
igraph	2.3.3	make_ego_graph
igraph	2.3.3	make_empty_graph
igraph	2.3.3	make_from_prufer
igraph	2.3.3	make_full_bipartite_graph
igraph	2.3.3	make_full_citation_graph
igraph	2.3.3	make_full_graph
igraph	2.3.3	make_full_multipartite
igraph	2.3.3	make_graph
igraph	2.3.3	make_kautz_graph
igraph	2.3.3	make_lattice
igraph	2.3.3	make_line_graph
igraph	2.3.3	make_neighborhood_graph
igraph	2.3.3	make_ring
igraph	2.3.3	make_star
igraph	2.3.3	make_tree
igraph	2.3.3	make_turan
igraph	2.3.3	make_undirected_graph
igraph	2.3.3	make_wheel
igraph	2.3.3	match_vertices
igraph	2.3.3	max_bipartite_match
igraph	2.3.3	max_cardinality
igraph	2.3.3	max_cliques
igraph	2.3.3	max_cohesion
igraph	2.3.3	max_degree
igraph	2.3.3	max_flow
igraph	2.3.3	max_ivs
igraph	2.3.3	maxcohesion
igraph	2.3.3	maximal_ivs
igraph	2.3.3	maximal.cliques
igraph	2.3.3	maximal.cliques.count
igraph	2.3.3	maximal.independent.vertex.sets
igraph	2.3.3	maximum.bipartite.matching
igraph	2.3.3	maximum.cardinality.search
igraph	2.3.3	mean_degree
igraph	2.3.3	mean_distance
igraph	2.3.3	membership
igraph	2.3.3	merge_coords
igraph	2.3.3	merges
igraph	2.3.3	min_cut
igraph	2.3.3	min_separators
igraph	2.3.3	min_st_separators
igraph	2.3.3	minimal.st.separators
igraph	2.3.3	minimum.size.separators
igraph	2.3.3	minimum.spanning.tree
igraph	2.3.3	mod.matrix
igraph	2.3.3	modularity
igraph	2.3.3	modularity_matrix
igraph	2.3.3	motifs
igraph	2.3.3	mst
igraph	2.3.3	multilevel.community
igraph	2.3.3	neighborhood
igraph	2.3.3	neighborhood_size
igraph	2.3.3	neighborhood.size
igraph	2.3.3	neighbors
igraph	2.3.3	nicely
igraph	2.3.3	no.clusters
igraph	2.3.3	norm_coords
igraph	2.3.3	normalize
igraph	2.3.3	on_grid
igraph	2.3.3	on_sphere
igraph	2.3.3	optimal.community
igraph	2.3.3	pa
igraph	2.3.3	pa_age
igraph	2.3.3	page_rank
igraph	2.3.3	page.rank
igraph	2.3.3	parent
igraph	2.3.3	path
igraph	2.3.3	path.length.hist
igraph	2.3.3	permute
igraph	2.3.3	permute.vertices
igraph	2.3.3	piecewise.layout
igraph	2.3.3	plot_dendrogram
igraph	2.3.3	plot_hierarchy
igraph	2.3.3	plot.igraph
igraph	2.3.3	plotHierarchy
igraph	2.3.3	power_centrality
igraph	2.3.3	power.law.fit
igraph	2.3.3	predict_edges
igraph	2.3.3	pref
igraph	2.3.3	preference.game
igraph	2.3.3	print_all
igraph	2.3.3	print.igraph
igraph	2.3.3	printer_callback
igraph	2.3.3	r_pal
igraph	2.3.3	radius
igraph	2.3.3	random_edge_walk
igraph	2.3.3	random_walk
igraph	2.3.3	random.graph.game
igraph	2.3.3	randomly
igraph	2.3.3	read_graph
igraph	2.3.3	read.graph
igraph	2.3.3	realize_bipartite_degseq
igraph	2.3.3	realize_degseq
igraph	2.3.3	reciprocity
igraph	2.3.3	remove.edge.attribute
igraph	2.3.3	remove.graph.attribute
igraph	2.3.3	remove.vertex.attribute
igraph	2.3.3	reverse_edges
igraph	2.3.3	rewire
igraph	2.3.3	rglplot
igraph	2.3.3	ring
igraph	2.3.3	running_mean
igraph	2.3.3	running.mean
igraph	2.3.3	sample_
igraph	2.3.3	sample_asym_pref
igraph	2.3.3	sample_bipartite
igraph	2.3.3	sample_bipartite_gnm
igraph	2.3.3	sample_bipartite_gnp
igraph	2.3.3	sample_chung_lu
igraph	2.3.3	sample_cit_cit_types
igraph	2.3.3	sample_cit_types
igraph	2.3.3	sample_correlated_gnp
igraph	2.3.3	sample_correlated_gnp_pair
igraph	2.3.3	sample_degseq
igraph	2.3.3	sample_dirichlet
igraph	2.3.3	sample_dot_product
igraph	2.3.3	sample_fitness
igraph	2.3.3	sample_fitness_pl
igraph	2.3.3	sample_forestfire
igraph	2.3.3	sample_gnm
igraph	2.3.3	sample_gnp
igraph	2.3.3	sample_grg
igraph	2.3.3	sample_growing
igraph	2.3.3	sample_hierarchical_sbm
igraph	2.3.3	sample_hrg
igraph	2.3.3	sample_islands
igraph	2.3.3	sample_k_regular
igraph	2.3.3	sample_last_cit
igraph	2.3.3	sample_motifs
igraph	2.3.3	sample_pa
igraph	2.3.3	sample_pa_age
igraph	2.3.3	sample_pref
igraph	2.3.3	sample_sbm
igraph	2.3.3	sample_seq
igraph	2.3.3	sample_smallworld
igraph	2.3.3	sample_spanning_tree
igraph	2.3.3	sample_sphere_surface
igraph	2.3.3	sample_sphere_volume
igraph	2.3.3	sample_traits
igraph	2.3.3	sample_traits_callaway
igraph	2.3.3	sample_tree
igraph	2.3.3	sbm
igraph	2.3.3	sbm.game
igraph	2.3.3	scan_stat
igraph	2.3.3	sequential_pal
igraph	2.3.3	set_edge_attr
igraph	2.3.3	set_graph_attr
igraph	2.3.3	set_vertex_attr
igraph	2.3.3	set_vertex_attrs
igraph	2.3.3	set.edge.attribute
igraph	2.3.3	set.graph.attribute
igraph	2.3.3	set.vertex.attribute
igraph	2.3.3	shape_noclip
igraph	2.3.3	shape_noplot
igraph	2.3.3	shapes
igraph	2.3.3	shortest_paths
igraph	2.3.3	shortest.paths
igraph	2.3.3	show_trace
igraph	2.3.3	showtrace
igraph	2.3.3	similarity
igraph	2.3.3	similarity.dice
igraph	2.3.3	similarity.invlogweighted
igraph	2.3.3	similarity.jaccard
igraph	2.3.3	simple_cycles
igraph	2.3.3	simplified
igraph	2.3.3	simplify
igraph	2.3.3	simplify_and_colorize
igraph	2.3.3	sir
igraph	2.3.3	sizes
igraph	2.3.3	smallworld
igraph	2.3.3	spectrum
igraph	2.3.3	spinglass.community
igraph	2.3.3	split_join_distance
igraph	2.3.3	st_cuts
igraph	2.3.3	st_min_cuts
igraph	2.3.3	star
igraph	2.3.3	static.fitness.game
igraph	2.3.3	static.power.law.game
igraph	2.3.3	stCuts
igraph	2.3.3	stMincuts
igraph	2.3.3	stochastic_matrix
igraph	2.3.3	strength
igraph	2.3.3	subcomponent
igraph	2.3.3	subgraph
igraph	2.3.3	subgraph_centrality
igraph	2.3.3	subgraph_from_edges
igraph	2.3.3	subgraph_isomorphic
igraph	2.3.3	subgraph_isomorphisms
igraph	2.3.3	subgraph.centrality
igraph	2.3.3	subgraph.edges
igraph	2.3.3	tail_of
igraph	2.3.3	time_bins
igraph	2.3.3	tk_canvas
igraph	2.3.3	tk_center
igraph	2.3.3	tk_close
igraph	2.3.3	tk_coords
igraph	2.3.3	tk_fit
igraph	2.3.3	tk_off
igraph	2.3.3	tk_postscript
igraph	2.3.3	tk_reshape
igraph	2.3.3	tk_rotate
igraph	2.3.3	tk_set_coords
igraph	2.3.3	tkplot
igraph	2.3.3	tkplot.canvas
igraph	2.3.3	tkplot.center
igraph	2.3.3	tkplot.close
igraph	2.3.3	tkplot.export.postscript
igraph	2.3.3	tkplot.fit.to.screen
igraph	2.3.3	tkplot.getcoords
igraph	2.3.3	tkplot.off
igraph	2.3.3	tkplot.reshape
igraph	2.3.3	tkplot.rotate
igraph	2.3.3	tkplot.setcoords
igraph	2.3.3	to_prufer
igraph	2.3.3	topo_sort
igraph	2.3.3	topological.sort
igraph	2.3.3	traits
igraph	2.3.3	traits_callaway
igraph	2.3.3	transitive_closure
igraph	2.3.3	transitivity
igraph	2.3.3	tree
igraph	2.3.3	triad_census
igraph	2.3.3	triad.census
igraph	2.3.3	triangles
igraph	2.3.3	turan
igraph	2.3.3	undirected_graph
igraph	2.3.3	unfold_tree
igraph	2.3.3	unfold.tree
igraph	2.3.3	union
igraph	2.3.3	upgrade_graph
igraph	2.3.3	V
igraph	2.3.3	V<-
igraph	2.3.3	vcount
igraph	2.3.3	vertex
igraph	2.3.3	vertex_attr
igraph	2.3.3	vertex_attr_names
igraph	2.3.3	vertex_attr<-
igraph	2.3.3	vertex_connectivity
igraph	2.3.3	vertex_disjoint_paths
igraph	2.3.3	vertex.attributes
igraph	2.3.3	vertex.attributes<-
igraph	2.3.3	vertex.connectivity
igraph	2.3.3	vertex.disjoint.paths
igraph	2.3.3	vertex.shapes
igraph	2.3.3	vertices
igraph	2.3.3	voronoi_cells
igraph	2.3.3	walktrap.community
igraph	2.3.3	watts.strogatz.game
igraph	2.3.3	weighted_clique_num
igraph	2.3.3	weighted_cliques
igraph	2.3.3	wheel
igraph	2.3.3	which_loop
igraph	2.3.3	which_multiple
igraph	2.3.3	which_mutual
igraph	2.3.3	with_dh
igraph	2.3.3	with_drl
igraph	2.3.3	with_edge_
igraph	2.3.3	with_fr
igraph	2.3.3	with_gem
igraph	2.3.3	with_graph_
igraph	2.3.3	with_graphopt
igraph	2.3.3	with_igraph_opt
igraph	2.3.3	with_kk
igraph	2.3.3	with_lgl
igraph	2.3.3	with_mds
igraph	2.3.3	with_sugiyama
igraph	2.3.3	with_vertex_
igraph	2.3.3	without_attr
igraph	2.3.3	without_loops
igraph	2.3.3	without_multiples
igraph	2.3.3	write_graph
igraph	2.3.3	write.graph
